-- phpMyAdmin SQL Dump
-- version 4.8.5
-- https://www.phpmyadmin.net/
--
-- Hôte : 127.0.0.1:3306
-- Généré le :  mer. 11 mars 2020 à 20:38
-- Version du serveur :  5.7.26
-- Version de PHP :  7.2.18

SET SQL_MODE = "NO_AUTO_VALUE_ON_ZERO";
SET AUTOCOMMIT = 0;
START TRANSACTION;
SET time_zone = "+00:00";


/*!40101 SET @OLD_CHARACTER_SET_CLIENT=@@CHARACTER_SET_CLIENT */;
/*!40101 SET @OLD_CHARACTER_SET_RESULTS=@@CHARACTER_SET_RESULTS */;
/*!40101 SET @OLD_COLLATION_CONNECTION=@@COLLATION_CONNECTION */;
/*!40101 SET NAMES utf8mb4 */;

--
-- Base de données :  `omk_cdn`
--

-- --------------------------------------------------------

--
-- Structure de la table `api_key`
--

DROP TABLE IF EXISTS `api_key`;
CREATE TABLE IF NOT EXISTS `api_key` (
  `id` varchar(32) COLLATE utf8mb4_unicode_ci NOT NULL,
  `owner_id` int(11) NOT NULL,
  `label` varchar(255) COLLATE utf8mb4_unicode_ci NOT NULL,
  `credential_hash` varchar(60) COLLATE utf8mb4_unicode_ci NOT NULL,
  `last_ip` varbinary(16) DEFAULT NULL COMMENT '(DC2Type:ip_address)',
  `last_accessed` datetime DEFAULT NULL,
  `created` datetime NOT NULL,
  PRIMARY KEY (`id`),
  KEY `IDX_C912ED9D7E3C61F9` (`owner_id`)
) ENGINE=InnoDB DEFAULT CHARSET=utf8mb4 COLLATE=utf8mb4_unicode_ci;

-- --------------------------------------------------------

--
-- Structure de la table `asset`
--

DROP TABLE IF EXISTS `asset`;
CREATE TABLE IF NOT EXISTS `asset` (
  `id` int(11) NOT NULL AUTO_INCREMENT,
  `owner_id` int(11) DEFAULT NULL,
  `name` varchar(255) COLLATE utf8mb4_unicode_ci NOT NULL,
  `media_type` varchar(255) COLLATE utf8mb4_unicode_ci NOT NULL,
  `storage_id` varchar(190) COLLATE utf8mb4_unicode_ci NOT NULL,
  `extension` varchar(255) COLLATE utf8mb4_unicode_ci DEFAULT NULL,
  PRIMARY KEY (`id`),
  UNIQUE KEY `UNIQ_2AF5A5C5CC5DB90` (`storage_id`),
  KEY `IDX_2AF5A5C7E3C61F9` (`owner_id`)
) ENGINE=InnoDB DEFAULT CHARSET=utf8mb4 COLLATE=utf8mb4_unicode_ci;

-- --------------------------------------------------------

--
-- Structure de la table `fulltext_search`
--

DROP TABLE IF EXISTS `fulltext_search`;
CREATE TABLE IF NOT EXISTS `fulltext_search` (
  `id` int(11) NOT NULL,
  `resource` varchar(190) COLLATE utf8mb4_unicode_ci NOT NULL,
  `owner_id` int(11) DEFAULT NULL,
  `is_public` tinyint(1) NOT NULL,
  `title` longtext COLLATE utf8mb4_unicode_ci,
  `text` longtext COLLATE utf8mb4_unicode_ci,
  PRIMARY KEY (`id`,`resource`),
  KEY `IDX_AA31FE4A7E3C61F9` (`owner_id`)
) ENGINE=InnoDB DEFAULT CHARSET=utf8mb4 COLLATE=utf8mb4_unicode_ci;

--
-- Déchargement des données de la table `fulltext_search`
--

INSERT INTO `fulltext_search` (`id`, `resource`, `owner_id`, `is_public`, `title`, `text`) VALUES
(8, 'items', 1, 1, 'Etudiant1', 'Etudiant1\nInformations sur l\'étudiant\nChloé\nHenriques\n21\n05/03/1998\nhenriques.chloe1998@gmail.com'),
(9, 'items', 1, 1, 'Ecole1', 'Ecole1\n48.9447771_2.3607865\nUniversité Paris 8, Rue de la Liberté, Saint-Denis\nFormation\nUniversité Paris 8'),
(10, 'items', 1, 1, 'Entreprise1', 'Entreprise1\n48.830872_2.2336049\nRenault'),
(11, 'items', 1, 1, 'Formation', 'Formation\n1\nLP Design Web Mobile\nDiplome1'),
(12, 'items', 1, 1, 'Stage1', 'Stage1\nStage effectué lors de l\'année DWM\n19 AVRIL\n15 JUIN\n577 Avenue du Général Leclerc, 92100 Boulogne-Billancourt'),
(13, 'items', 1, 1, 'Annonce1', 'Annonce1\nAnnonce posté par une entreprise\n24 Février 2020\nRenault\n19:40'),
(14, 'items', 1, 1, 'Diplome1', 'Diplome1\nCertificat\nNiveau avancé');

-- --------------------------------------------------------

--
-- Structure de la table `item`
--

DROP TABLE IF EXISTS `item`;
CREATE TABLE IF NOT EXISTS `item` (
  `id` int(11) NOT NULL,
  PRIMARY KEY (`id`)
) ENGINE=InnoDB DEFAULT CHARSET=utf8mb4 COLLATE=utf8mb4_unicode_ci;

--
-- Déchargement des données de la table `item`
--

INSERT INTO `item` (`id`) VALUES
(8),
(9),
(10),
(11),
(12),
(13),
(14);

-- --------------------------------------------------------

--
-- Structure de la table `item_item_set`
--

DROP TABLE IF EXISTS `item_item_set`;
CREATE TABLE IF NOT EXISTS `item_item_set` (
  `item_id` int(11) NOT NULL,
  `item_set_id` int(11) NOT NULL,
  PRIMARY KEY (`item_id`,`item_set_id`),
  KEY `IDX_6D0C9625126F525E` (`item_id`),
  KEY `IDX_6D0C9625960278D7` (`item_set_id`)
) ENGINE=InnoDB DEFAULT CHARSET=utf8mb4 COLLATE=utf8mb4_unicode_ci;

-- --------------------------------------------------------

--
-- Structure de la table `item_set`
--

DROP TABLE IF EXISTS `item_set`;
CREATE TABLE IF NOT EXISTS `item_set` (
  `id` int(11) NOT NULL,
  `is_open` tinyint(1) NOT NULL,
  PRIMARY KEY (`id`)
) ENGINE=InnoDB DEFAULT CHARSET=utf8mb4 COLLATE=utf8mb4_unicode_ci;

-- --------------------------------------------------------

--
-- Structure de la table `job`
--

DROP TABLE IF EXISTS `job`;
CREATE TABLE IF NOT EXISTS `job` (
  `id` int(11) NOT NULL AUTO_INCREMENT,
  `owner_id` int(11) DEFAULT NULL,
  `pid` varchar(255) COLLATE utf8mb4_unicode_ci DEFAULT NULL,
  `status` varchar(255) COLLATE utf8mb4_unicode_ci DEFAULT NULL,
  `class` varchar(255) COLLATE utf8mb4_unicode_ci NOT NULL,
  `args` longtext COLLATE utf8mb4_unicode_ci COMMENT '(DC2Type:json_array)',
  `log` longtext COLLATE utf8mb4_unicode_ci,
  `started` datetime NOT NULL,
  `ended` datetime DEFAULT NULL,
  PRIMARY KEY (`id`),
  KEY `IDX_FBD8E0F87E3C61F9` (`owner_id`)
) ENGINE=InnoDB DEFAULT CHARSET=utf8mb4 COLLATE=utf8mb4_unicode_ci;

-- --------------------------------------------------------

--
-- Structure de la table `media`
--

DROP TABLE IF EXISTS `media`;
CREATE TABLE IF NOT EXISTS `media` (
  `id` int(11) NOT NULL,
  `item_id` int(11) NOT NULL,
  `ingester` varchar(255) COLLATE utf8mb4_unicode_ci NOT NULL,
  `renderer` varchar(255) COLLATE utf8mb4_unicode_ci NOT NULL,
  `data` longtext COLLATE utf8mb4_unicode_ci COMMENT '(DC2Type:json_array)',
  `source` longtext COLLATE utf8mb4_unicode_ci,
  `media_type` varchar(255) COLLATE utf8mb4_unicode_ci DEFAULT NULL,
  `storage_id` varchar(190) COLLATE utf8mb4_unicode_ci DEFAULT NULL,
  `extension` varchar(255) COLLATE utf8mb4_unicode_ci DEFAULT NULL,
  `sha256` char(64) COLLATE utf8mb4_unicode_ci DEFAULT NULL,
  `size` bigint(20) DEFAULT NULL,
  `has_original` tinyint(1) NOT NULL,
  `has_thumbnails` tinyint(1) NOT NULL,
  `position` int(11) DEFAULT NULL,
  `lang` varchar(190) COLLATE utf8mb4_unicode_ci DEFAULT NULL,
  PRIMARY KEY (`id`),
  UNIQUE KEY `UNIQ_6A2CA10C5CC5DB90` (`storage_id`),
  KEY `IDX_6A2CA10C126F525E` (`item_id`),
  KEY `item_position` (`item_id`,`position`)
) ENGINE=InnoDB DEFAULT CHARSET=utf8mb4 COLLATE=utf8mb4_unicode_ci;

-- --------------------------------------------------------

--
-- Structure de la table `migration`
--

DROP TABLE IF EXISTS `migration`;
CREATE TABLE IF NOT EXISTS `migration` (
  `version` varchar(16) COLLATE utf8mb4_unicode_ci NOT NULL,
  PRIMARY KEY (`version`)
) ENGINE=InnoDB DEFAULT CHARSET=utf8mb4 COLLATE=utf8mb4_unicode_ci;

--
-- Déchargement des données de la table `migration`
--

INSERT INTO `migration` (`version`) VALUES
('20171128053327'),
('20180412035023'),
('20180919072656'),
('20180924033501'),
('20181002015551'),
('20181004043735'),
('20181106060421'),
('20190307043537'),
('20190319020708'),
('20190412090532'),
('20190423040354'),
('20190423071228'),
('20190514061351'),
('20190515055359'),
('20190729023728'),
('20190809092609'),
('20190815062003');

-- --------------------------------------------------------

--
-- Structure de la table `module`
--

DROP TABLE IF EXISTS `module`;
CREATE TABLE IF NOT EXISTS `module` (
  `id` varchar(190) COLLATE utf8mb4_unicode_ci NOT NULL,
  `is_active` tinyint(1) NOT NULL,
  `version` varchar(255) COLLATE utf8mb4_unicode_ci NOT NULL,
  PRIMARY KEY (`id`)
) ENGINE=InnoDB DEFAULT CHARSET=utf8mb4 COLLATE=utf8mb4_unicode_ci;

-- --------------------------------------------------------

--
-- Structure de la table `password_creation`
--

DROP TABLE IF EXISTS `password_creation`;
CREATE TABLE IF NOT EXISTS `password_creation` (
  `id` varchar(32) CHARACTER SET utf8mb4 COLLATE utf8mb4_bin NOT NULL,
  `user_id` int(11) NOT NULL,
  `created` datetime NOT NULL,
  `activate` tinyint(1) NOT NULL,
  PRIMARY KEY (`id`),
  UNIQUE KEY `UNIQ_C77917B4A76ED395` (`user_id`)
) ENGINE=InnoDB DEFAULT CHARSET=utf8mb4 COLLATE=utf8mb4_unicode_ci;

--
-- Déchargement des données de la table `password_creation`
--

INSERT INTO `password_creation` (`id`, `user_id`, `created`, `activate`) VALUES
('xsPOaEmrSekSbCraprEpcGV36RrflKvc', 2, '2020-02-21 12:47:17', 1);

-- --------------------------------------------------------

--
-- Structure de la table `property`
--

DROP TABLE IF EXISTS `property`;
CREATE TABLE IF NOT EXISTS `property` (
  `id` int(11) NOT NULL AUTO_INCREMENT,
  `owner_id` int(11) DEFAULT NULL,
  `vocabulary_id` int(11) NOT NULL,
  `local_name` varchar(190) CHARACTER SET utf8mb4 COLLATE utf8mb4_bin NOT NULL,
  `label` varchar(255) COLLATE utf8mb4_unicode_ci NOT NULL,
  `comment` longtext COLLATE utf8mb4_unicode_ci,
  PRIMARY KEY (`id`),
  UNIQUE KEY `UNIQ_8BF21CDEAD0E05F6623C14D5` (`vocabulary_id`,`local_name`),
  KEY `IDX_8BF21CDE7E3C61F9` (`owner_id`),
  KEY `IDX_8BF21CDEAD0E05F6` (`vocabulary_id`)
) ENGINE=InnoDB AUTO_INCREMENT=327 DEFAULT CHARSET=utf8mb4 COLLATE=utf8mb4_unicode_ci;

--
-- Déchargement des données de la table `property`
--

INSERT INTO `property` (`id`, `owner_id`, `vocabulary_id`, `local_name`, `label`, `comment`) VALUES
(1, NULL, 1, 'title', 'Title', 'A name given to the resource.'),
(2, NULL, 1, 'creator', 'Creator', 'An entity primarily responsible for making the resource.'),
(3, NULL, 1, 'subject', 'Subject', 'The topic of the resource.'),
(4, NULL, 1, 'description', 'Description', 'An account of the resource.'),
(5, NULL, 1, 'publisher', 'Publisher', 'An entity responsible for making the resource available.'),
(6, NULL, 1, 'contributor', 'Contributor', 'An entity responsible for making contributions to the resource.'),
(7, NULL, 1, 'date', 'Date', 'A point or period of time associated with an event in the lifecycle of the resource.'),
(8, NULL, 1, 'type', 'Type', 'The nature or genre of the resource.'),
(9, NULL, 1, 'format', 'Format', 'The file format, physical medium, or dimensions of the resource.'),
(10, NULL, 1, 'identifier', 'Identifier', 'An unambiguous reference to the resource within a given context.'),
(11, NULL, 1, 'source', 'Source', 'A related resource from which the described resource is derived.'),
(12, NULL, 1, 'language', 'Language', 'A language of the resource.'),
(13, NULL, 1, 'relation', 'Relation', 'A related resource.'),
(14, NULL, 1, 'coverage', 'Coverage', 'The spatial or temporal topic of the resource, the spatial applicability of the resource, or the jurisdiction under which the resource is relevant.'),
(15, NULL, 1, 'rights', 'Rights', 'Information about rights held in and over the resource.'),
(16, NULL, 1, 'audience', 'Audience', 'A class of entity for whom the resource is intended or useful.'),
(17, NULL, 1, 'alternative', 'Alternative Title', 'An alternative name for the resource.'),
(18, NULL, 1, 'tableOfContents', 'Table Of Contents', 'A list of subunits of the resource.'),
(19, NULL, 1, 'abstract', 'Abstract', 'A summary of the resource.'),
(20, NULL, 1, 'created', 'Date Created', 'Date of creation of the resource.'),
(21, NULL, 1, 'valid', 'Date Valid', 'Date (often a range) of validity of a resource.'),
(22, NULL, 1, 'available', 'Date Available', 'Date (often a range) that the resource became or will become available.'),
(23, NULL, 1, 'issued', 'Date Issued', 'Date of formal issuance (e.g., publication) of the resource.'),
(24, NULL, 1, 'modified', 'Date Modified', 'Date on which the resource was changed.'),
(25, NULL, 1, 'extent', 'Extent', 'The size or duration of the resource.'),
(26, NULL, 1, 'medium', 'Medium', 'The material or physical carrier of the resource.'),
(27, NULL, 1, 'isVersionOf', 'Is Version Of', 'A related resource of which the described resource is a version, edition, or adaptation.'),
(28, NULL, 1, 'hasVersion', 'Has Version', 'A related resource that is a version, edition, or adaptation of the described resource.'),
(29, NULL, 1, 'isReplacedBy', 'Is Replaced By', 'A related resource that supplants, displaces, or supersedes the described resource.'),
(30, NULL, 1, 'replaces', 'Replaces', 'A related resource that is supplanted, displaced, or superseded by the described resource.'),
(31, NULL, 1, 'isRequiredBy', 'Is Required By', 'A related resource that requires the described resource to support its function, delivery, or coherence.'),
(32, NULL, 1, 'requires', 'Requires', 'A related resource that is required by the described resource to support its function, delivery, or coherence.'),
(33, NULL, 1, 'isPartOf', 'Is Part Of', 'A related resource in which the described resource is physically or logically included.'),
(34, NULL, 1, 'hasPart', 'Has Part', 'A related resource that is included either physically or logically in the described resource.'),
(35, NULL, 1, 'isReferencedBy', 'Is Referenced By', 'A related resource that references, cites, or otherwise points to the described resource.'),
(36, NULL, 1, 'references', 'References', 'A related resource that is referenced, cited, or otherwise pointed to by the described resource.'),
(37, NULL, 1, 'isFormatOf', 'Is Format Of', 'A related resource that is substantially the same as the described resource, but in another format.'),
(38, NULL, 1, 'hasFormat', 'Has Format', 'A related resource that is substantially the same as the pre-existing described resource, but in another format.'),
(39, NULL, 1, 'conformsTo', 'Conforms To', 'An established standard to which the described resource conforms.'),
(40, NULL, 1, 'spatial', 'Spatial Coverage', 'Spatial characteristics of the resource.'),
(41, NULL, 1, 'temporal', 'Temporal Coverage', 'Temporal characteristics of the resource.'),
(42, NULL, 1, 'mediator', 'Mediator', 'An entity that mediates access to the resource and for whom the resource is intended or useful.'),
(43, NULL, 1, 'dateAccepted', 'Date Accepted', 'Date of acceptance of the resource.'),
(44, NULL, 1, 'dateCopyrighted', 'Date Copyrighted', 'Date of copyright.'),
(45, NULL, 1, 'dateSubmitted', 'Date Submitted', 'Date of submission of the resource.'),
(46, NULL, 1, 'educationLevel', 'Audience Education Level', 'A class of entity, defined in terms of progression through an educational or training context, for which the described resource is intended.'),
(47, NULL, 1, 'accessRights', 'Access Rights', 'Information about who can access the resource or an indication of its security status.'),
(48, NULL, 1, 'bibliographicCitation', 'Bibliographic Citation', 'A bibliographic reference for the resource.'),
(49, NULL, 1, 'license', 'License', 'A legal document giving official permission to do something with the resource.'),
(50, NULL, 1, 'rightsHolder', 'Rights Holder', 'A person or organization owning or managing rights over the resource.'),
(51, NULL, 1, 'provenance', 'Provenance', 'A statement of any changes in ownership and custody of the resource since its creation that are significant for its authenticity, integrity, and interpretation.'),
(52, NULL, 1, 'instructionalMethod', 'Instructional Method', 'A process, used to engender knowledge, attitudes and skills, that the described resource is designed to support.'),
(53, NULL, 1, 'accrualMethod', 'Accrual Method', 'The method by which items are added to a collection.'),
(54, NULL, 1, 'accrualPeriodicity', 'Accrual Periodicity', 'The frequency with which items are added to a collection.'),
(55, NULL, 1, 'accrualPolicy', 'Accrual Policy', 'The policy governing the addition of items to a collection.'),
(56, NULL, 3, 'affirmedBy', 'affirmedBy', 'A legal decision that affirms a ruling.'),
(57, NULL, 3, 'annotates', 'annotates', 'Critical or explanatory note for a Document.'),
(58, NULL, 3, 'authorList', 'list of authors', 'An ordered list of authors. Normally, this list is seen as a priority list that order authors by importance.'),
(59, NULL, 3, 'citedBy', 'cited by', 'Relates a document to another document that cites the\nfirst document.'),
(60, NULL, 3, 'cites', 'cites', 'Relates a document to another document that is cited\nby the first document as reference, comment, review, quotation or for\nanother purpose.'),
(61, NULL, 3, 'contributorList', 'list of contributors', 'An ordered list of contributors. Normally, this list is seen as a priority list that order contributors by importance.'),
(62, NULL, 3, 'court', 'court', 'A court associated with a legal document; for example, that which issues a decision.'),
(63, NULL, 3, 'degree', 'degree', 'The thesis degree.'),
(64, NULL, 3, 'director', 'director', 'A Film director.'),
(65, NULL, 3, 'distributor', 'distributor', 'Distributor of a document or a collection of documents.'),
(66, NULL, 3, 'editor', 'editor', 'A person having managerial and sometimes policy-making responsibility for the editorial part of a publishing firm or of a newspaper, magazine, or other publication.'),
(67, NULL, 3, 'editorList', 'list of editors', 'An ordered list of editors. Normally, this list is seen as a priority list that order editors by importance.'),
(68, NULL, 3, 'interviewee', 'interviewee', 'An agent that is interviewed by another agent.'),
(69, NULL, 3, 'interviewer', 'interviewer', 'An agent that interview another agent.'),
(70, NULL, 3, 'issuer', 'issuer', 'An entity responsible for issuing often informally published documents such as press releases, reports, etc.'),
(71, NULL, 3, 'organizer', 'organizer', 'The organizer of an event; includes conference organizers, but also government agencies or other bodies that are responsible for conducting hearings.'),
(72, NULL, 3, 'owner', 'owner', 'Owner of a document or a collection of documents.'),
(73, NULL, 3, 'performer', 'performer', NULL),
(74, NULL, 3, 'presentedAt', 'presented at', 'Relates a document to an event; for example, a paper to a conference.'),
(75, NULL, 3, 'presents', 'presents', 'Relates an event to associated documents; for example, conference to a paper.'),
(76, NULL, 3, 'producer', 'producer', 'Producer of a document or a collection of documents.'),
(77, NULL, 3, 'recipient', 'recipient', 'An agent that receives a communication document.'),
(78, NULL, 3, 'reproducedIn', 'reproducedIn', 'The resource in which another resource is reproduced.'),
(79, NULL, 3, 'reversedBy', 'reversedBy', 'A legal decision that reverses a ruling.'),
(80, NULL, 3, 'reviewOf', 'review of', 'Relates a review document to a reviewed thing (resource, item, etc.).'),
(81, NULL, 3, 'status', 'status', 'The publication status of (typically academic) content.'),
(82, NULL, 3, 'subsequentLegalDecision', 'subsequentLegalDecision', 'A legal decision on appeal that takes action on a case (affirming it, reversing it, etc.).'),
(83, NULL, 3, 'transcriptOf', 'transcript of', 'Relates a document to some transcribed original.'),
(84, NULL, 3, 'translationOf', 'translation of', 'Relates a translated document to the original document.'),
(85, NULL, 3, 'translator', 'translator', 'A person who translates written document from one language to another.'),
(86, NULL, 3, 'abstract', 'abstract', 'A summary of the resource.'),
(87, NULL, 3, 'argued', 'date argued', 'The date on which a legal case is argued before a court. Date is of format xsd:date'),
(88, NULL, 3, 'asin', 'asin', NULL),
(89, NULL, 3, 'chapter', 'chapter', 'An chapter number'),
(90, NULL, 3, 'coden', 'coden', NULL),
(91, NULL, 3, 'content', 'content', 'This property is for a plain-text rendering of the content of a Document. While the plain-text content of an entire document could be described by this property.'),
(92, NULL, 3, 'doi', 'doi', NULL),
(93, NULL, 3, 'eanucc13', 'eanucc13', NULL),
(94, NULL, 3, 'edition', 'edition', 'The name defining a special edition of a document. Normally its a literal value composed of a version number and words.'),
(95, NULL, 3, 'eissn', 'eissn', NULL),
(96, NULL, 3, 'gtin14', 'gtin14', NULL),
(97, NULL, 3, 'handle', 'handle', NULL),
(98, NULL, 3, 'identifier', 'identifier', NULL),
(99, NULL, 3, 'isbn', 'isbn', NULL),
(100, NULL, 3, 'isbn10', 'isbn10', NULL),
(101, NULL, 3, 'isbn13', 'isbn13', NULL),
(102, NULL, 3, 'issn', 'issn', NULL),
(103, NULL, 3, 'issue', 'issue', 'An issue number'),
(104, NULL, 3, 'lccn', 'lccn', NULL),
(105, NULL, 3, 'locator', 'locator', 'A description (often numeric) that locates an item within a containing document or collection.'),
(106, NULL, 3, 'numPages', 'number of pages', 'The number of pages contained in a document'),
(107, NULL, 3, 'numVolumes', 'number of volumes', 'The number of volumes contained in a collection of documents (usually a series, periodical, etc.).'),
(108, NULL, 3, 'number', 'number', 'A generic item or document number. Not to be confused with issue number.'),
(109, NULL, 3, 'oclcnum', 'oclcnum', NULL),
(110, NULL, 3, 'pageEnd', 'page end', 'Ending page number within a continuous page range.'),
(111, NULL, 3, 'pageStart', 'page start', 'Starting page number within a continuous page range.'),
(112, NULL, 3, 'pages', 'pages', 'A string of non-contiguous page spans that locate a Document within a Collection. Example: 23-25, 34, 54-56. For continuous page ranges, use the pageStart and pageEnd properties.'),
(113, NULL, 3, 'pmid', 'pmid', NULL),
(114, NULL, 3, 'prefixName', 'prefix name', 'The prefix of a name'),
(115, NULL, 3, 'section', 'section', 'A section number'),
(116, NULL, 3, 'shortDescription', 'shortDescription', NULL),
(117, NULL, 3, 'shortTitle', 'short title', 'The abbreviation of a title.'),
(118, NULL, 3, 'sici', 'sici', NULL),
(119, NULL, 3, 'suffixName', 'suffix name', 'The suffix of a name'),
(120, NULL, 3, 'upc', 'upc', NULL),
(121, NULL, 3, 'uri', 'uri', 'Universal Resource Identifier of a document'),
(122, NULL, 3, 'volume', 'volume', 'A volume number'),
(123, NULL, 4, 'mbox', 'personal mailbox', 'A  personal mailbox, ie. an Internet mailbox associated with exactly one owner, the first owner of this mailbox. This is a \'static inverse functional property\', in that  there is (across time and change) at most one individual that ever has any particular value for foaf:mbox.'),
(124, NULL, 4, 'mbox_sha1sum', 'sha1sum of a personal mailbox URI name', 'The sha1sum of the URI of an Internet mailbox associated with exactly one owner, the  first owner of the mailbox.'),
(125, NULL, 4, 'gender', 'gender', 'The gender of this Agent (typically but not necessarily \'male\' or \'female\').'),
(126, NULL, 4, 'geekcode', 'geekcode', 'A textual geekcode for this person, see http://www.geekcode.com/geek.html'),
(127, NULL, 4, 'dnaChecksum', 'DNA checksum', 'A checksum for the DNA of some thing. Joke.'),
(128, NULL, 4, 'sha1', 'sha1sum (hex)', 'A sha1sum hash, in hex.'),
(129, NULL, 4, 'based_near', 'based near', 'A location that something is based near, for some broadly human notion of near.'),
(130, NULL, 4, 'title', 'title', 'Title (Mr, Mrs, Ms, Dr. etc)'),
(131, NULL, 4, 'nick', 'nickname', 'A short informal nickname characterising an agent (includes login identifiers, IRC and other chat nicknames).'),
(132, NULL, 4, 'jabberID', 'jabber ID', 'A jabber ID for something.'),
(133, NULL, 4, 'aimChatID', 'AIM chat ID', 'An AIM chat ID'),
(134, NULL, 4, 'skypeID', 'Skype ID', 'A Skype ID'),
(135, NULL, 4, 'icqChatID', 'ICQ chat ID', 'An ICQ chat ID'),
(136, NULL, 4, 'yahooChatID', 'Yahoo chat ID', 'A Yahoo chat ID'),
(137, NULL, 4, 'msnChatID', 'MSN chat ID', 'An MSN chat ID'),
(138, NULL, 4, 'name', 'name', 'A name for some thing.'),
(139, NULL, 4, 'firstName', 'firstName', 'The first name of a person.'),
(140, NULL, 4, 'lastName', 'lastName', 'The last name of a person.'),
(141, NULL, 4, 'givenName', 'Given name', 'The given name of some person.'),
(142, NULL, 4, 'givenname', 'Given name', 'The given name of some person.'),
(143, NULL, 4, 'surname', 'Surname', 'The surname of some person.'),
(144, NULL, 4, 'family_name', 'family_name', 'The family name of some person.'),
(145, NULL, 4, 'familyName', 'familyName', 'The family name of some person.'),
(146, NULL, 4, 'phone', 'phone', 'A phone,  specified using fully qualified tel: URI scheme (refs: http://www.w3.org/Addressing/schemes.html#tel).'),
(147, NULL, 4, 'homepage', 'homepage', 'A homepage for some thing.'),
(148, NULL, 4, 'weblog', 'weblog', 'A weblog of some thing (whether person, group, company etc.).'),
(149, NULL, 4, 'openid', 'openid', 'An OpenID for an Agent.'),
(150, NULL, 4, 'tipjar', 'tipjar', 'A tipjar document for this agent, describing means for payment and reward.'),
(151, NULL, 4, 'plan', 'plan', 'A .plan comment, in the tradition of finger and \'.plan\' files.'),
(152, NULL, 4, 'made', 'made', 'Something that was made by this agent.'),
(153, NULL, 4, 'maker', 'maker', 'An agent that  made this thing.'),
(154, NULL, 4, 'img', 'image', 'An image that can be used to represent some thing (ie. those depictions which are particularly representative of something, eg. one\'s photo on a homepage).'),
(155, NULL, 4, 'depiction', 'depiction', 'A depiction of some thing.'),
(156, NULL, 4, 'depicts', 'depicts', 'A thing depicted in this representation.'),
(157, NULL, 4, 'thumbnail', 'thumbnail', 'A derived thumbnail image.'),
(158, NULL, 4, 'myersBriggs', 'myersBriggs', 'A Myers Briggs (MBTI) personality classification.'),
(159, NULL, 4, 'workplaceHomepage', 'workplace homepage', 'A workplace homepage of some person; the homepage of an organization they work for.'),
(160, NULL, 4, 'workInfoHomepage', 'work info homepage', 'A work info homepage of some person; a page about their work for some organization.'),
(161, NULL, 4, 'schoolHomepage', 'schoolHomepage', 'A homepage of a school attended by the person.'),
(162, NULL, 4, 'knows', 'knows', 'A person known by this person (indicating some level of reciprocated interaction between the parties).'),
(163, NULL, 4, 'interest', 'interest', 'A page about a topic of interest to this person.'),
(164, NULL, 4, 'topic_interest', 'topic_interest', 'A thing of interest to this person.'),
(165, NULL, 4, 'publications', 'publications', 'A link to the publications of this person.'),
(166, NULL, 4, 'currentProject', 'current project', 'A current project this person works on.'),
(167, NULL, 4, 'pastProject', 'past project', 'A project this person has previously worked on.'),
(168, NULL, 4, 'fundedBy', 'funded by', 'An organization funding a project or person.'),
(169, NULL, 4, 'logo', 'logo', 'A logo representing some thing.'),
(170, NULL, 4, 'topic', 'topic', 'A topic of some page or document.'),
(171, NULL, 4, 'primaryTopic', 'primary topic', 'The primary topic of some page or document.'),
(172, NULL, 4, 'focus', 'focus', 'The underlying or \'focal\' entity associated with some SKOS-described concept.'),
(173, NULL, 4, 'isPrimaryTopicOf', 'is primary topic of', 'A document that this thing is the primary topic of.'),
(174, NULL, 4, 'page', 'page', 'A page or document about this thing.'),
(175, NULL, 4, 'theme', 'theme', 'A theme.'),
(176, NULL, 4, 'account', 'account', 'Indicates an account held by this agent.'),
(177, NULL, 4, 'holdsAccount', 'account', 'Indicates an account held by this agent.'),
(178, NULL, 4, 'accountServiceHomepage', 'account service homepage', 'Indicates a homepage of the service provide for this online account.'),
(179, NULL, 4, 'accountName', 'account name', 'Indicates the name (identifier) associated with this online account.'),
(180, NULL, 4, 'member', 'member', 'Indicates a member of a Group'),
(181, NULL, 4, 'membershipClass', 'membershipClass', 'Indicates the class of individuals that are a member of a Group'),
(182, NULL, 4, 'birthday', 'birthday', 'The birthday of this Agent, represented in mm-dd string form, eg. \'12-31\'.'),
(183, NULL, 4, 'age', 'age', 'The age in years of some agent.'),
(184, NULL, 4, 'status', 'status', 'A string expressing what the user is happy for the general public (normally) to know about their current activity.'),
(185, 1, 5, 'lat', 'latitude', 'The WGS84 latitude of a SpatialThing (decimal degrees).'),
(186, 1, 5, 'location', 'location', 'The relation between something and the point, \n or other geometrical thing in space, where it is.  For example, the realtionship between\n a radio tower and a Point with a given lat and long.\n Or a relationship between a park and its outline as a closed arc of points, or a road and\n its location as a arc (a sequence of points).\n Clearly in practice there will be limit to the accuracy of any such statement, but one would expect\n an accuracy appropriate for the size of the object and uses such as mapping .\n '),
(187, 1, 5, 'long', 'longitude', 'The WGS84 longitude of a SpatialThing (decimal degrees).'),
(188, 1, 5, 'alt', 'altitude', 'The WGS84 altitude of a SpatialThing (decimal meters \nabove the local reference ellipsoid).'),
(189, 1, 5, 'lat_long', 'lat/long', 'A comma-separated representation of a latitude, longitude coordinate.'),
(193, NULL, 7, 'fup8Datedébut', 'Date de début', NULL),
(194, NULL, 7, 'fup8Datefin', 'Date de Fin', NULL),
(195, NULL, 7, 'fup8heure', 'heure', NULL),
(196, NULL, 7, 'fup8Adresse', 'Adresse', NULL),
(197, NULL, 7, 'fup8CV', 'CV', NULL),
(198, NULL, 7, 'fup8Date_naissance', 'Date de naissance', NULL),
(199, NULL, 7, 'fup8Nombre_années', 'Nombre d\'années', NULL),
(200, NULL, 7, 'fup8Domaine', 'Domaine', NULL),
(201, 1, 8, 'cdunumDatedebut', 'Date de début', NULL),
(202, 1, 8, 'cdunumDatefin', 'Date de Fin', NULL),
(203, 1, 8, 'cdunumheure', 'heure', NULL),
(204, 1, 8, 'cdunumAdresse', 'Adresse', NULL),
(205, 1, 8, 'cdunumCV', 'CV', NULL),
(206, 1, 8, 'cdunumDate_naissance', 'Date de naissance', NULL),
(207, 1, 8, 'cdunumNombre_annees', 'Nombre d\'années', NULL),
(208, 1, 8, 'cdunumDomaine', 'Domaine', NULL),
(209, NULL, 8, 'cdunumHasFormation', 'A comme formation', NULL),
(210, 1, 9, 'text', 'text', 'The textual content of this CreativeWork.'),
(211, 1, 9, 'alternativeHeadline', 'alternativeHeadline', 'A secondary title of the CreativeWork.'),
(212, 1, 9, 'interactivityType', 'interactivityType', 'The predominant mode of learning supported by the learning resource. Acceptable values are \'active\', \'expositive\', or \'mixed\'.'),
(213, 1, 9, 'encodings', 'encodings', 'A media object that encodes this CreativeWork.'),
(214, 1, 9, 'encoding', 'encoding', 'A media object that encodes this CreativeWork. This property is a synonym for associatedMedia.'),
(215, 1, 9, 'accessModeSufficient', 'accessModeSufficient', 'A list of single or combined accessModes that are sufficient to understand all the intellectual content of a resource. Expected values include:  auditory, tactile, textual, visual.'),
(216, 1, 9, 'video', 'video', 'An embedded video object.'),
(217, 1, 9, 'schemaVersion', 'schemaVersion', 'Indicates (by URL or string) a particular version of a schema used in some CreativeWork. For example, a document could declare a schemaVersion using an URL such as http://schema.org/version/2.0/ if precise indication of schema version was required by some application.'),
(218, 1, 9, 'additionalType', 'additionalType', 'An additional type for the item, typically used for adding more specific types from external vocabularies in microdata syntax. This is a relationship between something and a class that the thing is in. In RDFa syntax, it is better to use the native RDFa syntax - the \'typeof\' attribute - for multiple types. Schema.org tools may have only weaker understanding of extra types, in particular those defined externally.'),
(219, 1, 9, 'review', 'review', 'A review of the item.'),
(220, 1, 9, 'author', 'author', 'The author of this content or rating. Please note that author is special in that HTML 5 provides a special mechanism for indicating authorship via the rel tag. That is equivalent to this and may be used interchangeably.'),
(221, 1, 9, 'potentialAction', 'potentialAction', 'Indicates a potential Action, which describes an idealized action in which this thing would play an \'object\' role.'),
(222, 1, 9, 'workExample', 'workExample', 'Example/instance/realization/derivation of the concept of this creative work. eg. The paperback edition, first edition, or eBook.'),
(223, 1, 9, 'exampleOfWork', 'exampleOfWork', 'A creative work that this work is an example/instance/realization/derivation of.'),
(224, 1, 9, 'isBasedOn', 'isBasedOn', 'A resource from which this work is derived or from which it is a modification or adaption.'),
(225, 1, 9, 'description', 'description', 'A description of the item.'),
(226, 1, 9, 'credentialCategory', 'credentialCategory', 'The category or type of credential being described, for example \"degree”, “certificate”, “badge”, or more specific term.'),
(227, 1, 9, 'expires', 'expires', 'Date the content expires and is no longer useful or available. For example a <a class=\"localLink\" href=\"http://schema.org/VideoObject\">VideoObject</a> or <a class=\"localLink\" href=\"http://schema.org/NewsArticle\">NewsArticle</a> whose availability or relevance is time-limited, or a <a class=\"localLink\" href=\"http://schema.org/ClaimReview\">ClaimReview</a> fact check whose publisher wants to indicate that it may no longer be relevant (or helpful to highlight) after some date.'),
(228, 1, 9, 'publisher', 'publisher', 'The publisher of the creative work.'),
(229, 1, 9, 'comment', 'comment', 'Comments, typically from users.'),
(230, 1, 9, 'awards', 'awards', 'Awards won by or for this item.'),
(231, 1, 9, 'award', 'award', 'An award won by or for this item.'),
(232, 1, 9, 'isAccessibleForFree', 'isAccessibleForFree', 'A flag to signal that the item, event, or place is accessible for free.'),
(233, 1, 9, 'thumbnailUrl', 'thumbnailUrl', 'A thumbnail image relevant to the Thing.'),
(234, 1, 9, 'genre', 'genre', 'Genre of the creative work, broadcast channel or group.'),
(235, 1, 9, 'accountablePerson', 'accountablePerson', 'Specifies the Person that is legally accountable for the CreativeWork.'),
(236, 1, 9, 'accessibilityControl', 'accessibilityControl', 'Identifies input methods that are sufficient to fully control the described resource (<a href=\"http://www.w3.org/wiki/WebSchemas/Accessibility\">WebSchemas wiki lists possible values</a>).'),
(237, 1, 9, 'funder', 'funder', 'A person or organization that supports (sponsors) something through some kind of financial contribution.'),
(238, 1, 9, 'sponsor', 'sponsor', 'A person or organization that supports a thing through a pledge, promise, or financial contribution. e.g. a sponsor of a Medical Study or a corporate sponsor of an event.'),
(239, 1, 9, 'isPartOf', 'isPartOf', 'Indicates an item or CreativeWork that this item, or CreativeWork (in some sense), is part of.'),
(240, 1, 9, 'hasPart', 'hasPart', 'Indicates an item or CreativeWork that is part of this item, or CreativeWork (in some sense).'),
(241, 1, 9, 'publication', 'publication', 'A publication event associated with the item.'),
(242, 1, 9, 'provider', 'provider', 'The service provider, service operator, or service performer; the goods producer. Another party (a seller) may offer those services or goods on behalf of the provider. A provider may also serve as the seller.'),
(243, 1, 9, 'version', 'version', 'The version of the CreativeWork embodied by a specified resource.'),
(244, 1, 9, 'fileFormat', 'fileFormat', 'Media type, typically MIME format (see <a href=\"http://www.iana.org/assignments/media-types/media-types.xhtml\">IANA site</a>) of the content e.g. application/zip of a SoftwareApplication binary. In cases where a CreativeWork has several media type representations, \'encoding\' can be used to indicate each MediaObject alongside particular fileFormat information. Unregistered or niche file formats can be indicated instead via the most appropriate URL, e.g. defining Web page or a Wikipedia entry.'),
(245, 1, 9, 'encodingFormat', 'encodingFormat', 'Media type typically expressed using a MIME format (see <a href=\"http://www.iana.org/assignments/media-types/media-types.xhtml\">IANA site</a> and <a href=\"https://developer.mozilla.org/en-US/docs/Web/HTTP/Basics_of_HTTP/MIME_types\">MDN reference</a>) e.g. application/zip for a SoftwareApplication binary, audio/mpeg for .mp3 etc.).<br/><br/>\n\nIn cases where a <a class=\"localLink\" href=\"http://schema.org/CreativeWork\">CreativeWork</a> has several media type representations, <a class=\"localLink\" href=\"http://schema.org/encoding\">encoding</a> can be used to indicate each <a class=\"localLink\" href=\"http://schema.org/MediaObject\">MediaObject</a> alongside particular <a class=\"localLink\" href=\"http://schema.org/encodingFormat\">encodingFormat</a> information.<br/><br/>\n\nUnregistered or niche encoding and file formats can be indicated instead via the most appropriate URL, e.g. defining Web page or a Wikipedia/Wikidata entry.'),
(246, 1, 9, 'contributor', 'contributor', 'A secondary contributor to the CreativeWork or Event.'),
(247, 1, 9, 'educationalLevel', 'educationalLevel', 'The level in terms of progression through an educational or training context. Examples of educational levels include \'beginner\', \'intermediate\' or \'advanced\', and formal sets of level indicators.'),
(248, 1, 9, 'accessibilityHazard', 'accessibilityHazard', 'A characteristic of the described resource that is physiologically dangerous to some users. Related to WCAG 2.0 guideline 2.3 (<a href=\"http://www.w3.org/wiki/WebSchemas/Accessibility\">WebSchemas wiki lists possible values</a>).'),
(249, 1, 9, 'publisherImprint', 'publisherImprint', 'The publishing division which published the comic.'),
(250, 1, 9, 'contentReferenceTime', 'contentReferenceTime', 'The specific time described by a creative work, for works (e.g. articles, video objects etc.) that emphasise a particular moment within an Event.'),
(251, 1, 9, 'competencyRequired', 'competencyRequired', 'Knowledge, skill, ability or personal attribute that must be demonstrated by a person or other entity.'),
(252, 1, 9, 'accessMode', 'accessMode', 'The human sensory perceptual system or cognitive faculty through which a person may process or perceive information. Expected values include: auditory, tactile, textual, visual, colorDependent, chartOnVisual, chemOnVisual, diagramOnVisual, mathOnVisual, musicOnVisual, textOnVisual.'),
(253, 1, 9, 'educationalUse', 'educationalUse', 'The purpose of a work in the context of education; for example, \'assignment\', \'group work\'.'),
(254, 1, 9, 'reviews', 'reviews', 'Review of the item.'),
(255, 1, 9, 'conditionsOfAccess', 'conditionsOfAccess', 'Conditions that affect the availability of, or method(s) of access to, an item. Typically used for real world items such as an <a class=\"localLink\" href=\"http://schema.org/ArchiveComponent\">ArchiveComponent</a> held by an <a class=\"localLink\" href=\"http://schema.org/ArchiveOrganization\">ArchiveOrganization</a>. This property is not suitable for use as a general Web access control mechanism. It is expressed only in natural language.<br/><br/>\n\nFor example \"Available by appointment from the Reading Room\" or \"Accessible only from logged-in accounts \".'),
(256, 1, 9, 'abstract', 'abstract', 'An abstract is a short description that summarizes a <a class=\"localLink\" href=\"http://schema.org/CreativeWork\">CreativeWork</a>.'),
(257, 1, 9, 'producer', 'producer', 'The person or organization who produced the work (e.g. music album, movie, tv/radio series etc.).'),
(258, 1, 9, 'image', 'image', 'An image of the item. This can be a <a class=\"localLink\" href=\"http://schema.org/URL\">URL</a> or a fully described <a class=\"localLink\" href=\"http://schema.org/ImageObject\">ImageObject</a>.'),
(259, 1, 9, 'contentLocation', 'contentLocation', 'The location depicted or described in the content. For example, the location in a photograph or painting.'),
(260, 1, 9, 'typicalAgeRange', 'typicalAgeRange', 'The typical expected age range, e.g. \'7-9\', \'11-\'.'),
(261, 1, 9, 'mainEntityOfPage', 'mainEntityOfPage', 'Indicates a page (or other CreativeWork) for which this thing is the main entity being described. See <a href=\"/docs/datamodel.html#mainEntityBackground\">background notes</a> for details.'),
(262, 1, 9, 'mainEntity', 'mainEntity', 'Indicates the primary entity described in some page or other CreativeWork.'),
(263, 1, 9, 'audience', 'audience', 'An intended audience, i.e. a group for whom something was created.'),
(264, 1, 9, 'alternateName', 'alternateName', 'An alias for the item.'),
(265, 1, 9, 'sameAs', 'sameAs', 'URL of a reference Web page that unambiguously indicates the item\'s identity. E.g. the URL of the item\'s Wikipedia page, Wikidata entry, or official website.'),
(266, 1, 9, 'maintainer', 'maintainer', 'A maintainer of a <a class=\"localLink\" href=\"http://schema.org/Dataset\">Dataset</a>, software package (<a class=\"localLink\" href=\"http://schema.org/SoftwareApplication\">SoftwareApplication</a>), or other <a class=\"localLink\" href=\"http://schema.org/Project\">Project</a>. A maintainer is a <a class=\"localLink\" href=\"http://schema.org/Person\">Person</a> or <a class=\"localLink\" href=\"http://schema.org/Organization\">Organization</a> that manages contributions to, and/or publication of, some (typically complex) artifact. It is common for distributions of software and data to be based on \"upstream\" sources. When <a class=\"localLink\" href=\"http://schema.org/maintainer\">maintainer</a> is applied to a specific version of something e.g. a particular version or packaging of a <a class=\"localLink\" href=\"http://schema.org/Dataset\">Dataset</a>, it is always  possible that the upstream source has a different maintainer. The <a class=\"localLink\" href=\"http://schema.org/isBasedOn\">isBasedOn</a> property can be used to indicate such relationships between datasets to make the different maintenance roles clear. Similarly in the case of software, a package may have dedicated maintainers working on integration into software distributions such as Ubuntu, as well as upstream maintainers of the underlying work.'),
(267, 1, 9, 'position', 'position', 'The position of an item in a series or sequence of items.'),
(268, 1, 9, 'accessibilityFeature', 'accessibilityFeature', 'Content features of the resource, such as accessible media, alternatives and supported enhancements for accessibility (<a href=\"http://www.w3.org/wiki/WebSchemas/Accessibility\">WebSchemas wiki lists possible values</a>).'),
(269, 1, 9, 'about', 'about', 'The subject matter of the content.'),
(270, 1, 9, 'validFor', 'validFor', 'The duration of validity of a permit or similar thing.'),
(271, 1, 9, 'translationOfWork', 'translationOfWork', 'The work that this work has been translated from. e.g. 物种起源 is a translationOf “On the Origin of Species”'),
(272, 1, 9, 'workTranslation', 'workTranslation', 'A work that is a translation of the content of this work. e.g. 西遊記 has an English workTranslation “Journey to the West”,a German workTranslation “Monkeys Pilgerfahrt” and a Vietnamese  translation Tây du ký bình khảo.'),
(273, 1, 9, 'materialExtent', 'materialExtent', 'The quantity of the materials being described or an expression of the physical space they occupy.'),
(274, 1, 9, 'correction', 'correction', 'Indicates a correction to a <a class=\"localLink\" href=\"http://schema.org/CreativeWork\">CreativeWork</a>, either via a <a class=\"localLink\" href=\"http://schema.org/CorrectionComment\">CorrectionComment</a>, textually or in another document.'),
(275, 1, 9, 'dateCreated', 'dateCreated', 'The date on which the CreativeWork was created or the item was added to a DataFeed.'),
(276, 1, 9, 'accessibilitySummary', 'accessibilitySummary', 'A human-readable summary of specific accessibility features or deficiencies, consistent with the other accessibility metadata but expressing subtleties such as \"short descriptions are present but long descriptions will be needed for non-visual users\" or \"short descriptions are present and no long descriptions are needed.\"'),
(277, 1, 9, 'sdDatePublished', 'sdDatePublished', 'Indicates the date on which the current structured data was generated / published. Typically used alongside <a class=\"localLink\" href=\"http://schema.org/sdPublisher\">sdPublisher</a>'),
(278, 1, 9, 'headline', 'headline', 'Headline of the article.'),
(279, 1, 9, 'spatial', 'spatial', 'The \"spatial\" property can be used in cases when more specific properties\n(e.g. <a class=\"localLink\" href=\"http://schema.org/locationCreated\">locationCreated</a>, <a class=\"localLink\" href=\"http://schema.org/spatialCoverage\">spatialCoverage</a>, <a class=\"localLink\" href=\"http://schema.org/contentLocation\">contentLocation</a>) are not known to be appropriate.'),
(280, 1, 9, 'editor', 'editor', 'Specifies the Person who edited the CreativeWork.'),
(281, 1, 9, 'name', 'name', 'The name of the item.'),
(282, 1, 9, 'copyrightHolder', 'copyrightHolder', 'The party holding the legal copyright to the CreativeWork.'),
(283, 1, 9, 'identifier', 'identifier', 'The identifier property represents any kind of identifier for any kind of <a class=\"localLink\" href=\"http://schema.org/Thing\">Thing</a>, such as ISBNs, GTIN codes, UUIDs etc. Schema.org provides dedicated properties for representing many of these, either as textual strings or as URL (URI) links. See <a href=\"/docs/datamodel.html#identifierBg\">background notes</a> for more details.'),
(284, 1, 9, 'translator', 'translator', 'Organization or person who adapts a creative work to different languages, regional differences and technical requirements of a target market, or that translates during some event.'),
(285, 1, 9, 'locationCreated', 'locationCreated', 'The location where the CreativeWork was created, which may not be the same as the location depicted in the CreativeWork.'),
(286, 1, 9, 'subjectOf', 'subjectOf', 'A CreativeWork or Event about this Thing.'),
(287, 1, 9, 'mentions', 'mentions', 'Indicates that the CreativeWork contains a reference to, but is not necessarily about a concept.'),
(288, 1, 9, 'associatedMedia', 'associatedMedia', 'A media object that encodes this CreativeWork. This property is a synonym for encoding.'),
(289, 1, 9, 'license', 'license', 'A license document that applies to this content, typically indicated by URL.'),
(290, 1, 9, 'creator', 'creator', 'The creator/author of this CreativeWork. This is the same as the Author property for CreativeWork.'),
(291, 1, 9, 'isFamilyFriendly', 'isFamilyFriendly', 'Indicates whether this content is family friendly.'),
(292, 1, 9, 'temporalCoverage', 'temporalCoverage', 'The temporalCoverage of a CreativeWork indicates the period that the content applies to, i.e. that it describes, either as a DateTime or as a textual string indicating a time period in <a href=\"https://en.wikipedia.org/wiki/ISO_8601#Time_intervals\">ISO 8601 time interval format</a>. In\n      the case of a Dataset it will typically indicate the relevant time period in a precise notation (e.g. for a 2011 census dataset, the year 2011 would be written \"2011/2012\"). Other forms of content e.g. ScholarlyArticle, Book, TVSeries or TVEpisode may indicate their temporalCoverage in broader terms - textually or via well-known URL.\n      Written works such as books may sometimes have precise temporal coverage too, e.g. a work set in 1939 - 1945 can be indicated in ISO 8601 interval format format via \"1939/1945\".<br/><br/>\n\nOpen-ended date ranges can be written with \"..\" in place of the end date. For example, \"2015-11/..\" indicates a range beginning in November 2015 and with no specified final date. This is tentative and might be updated in future when ISO 8601 is officially updated.'),
(293, 1, 9, 'isBasedOnUrl', 'isBasedOnUrl', 'A resource that was used in the creation of this resource. This term can be repeated for multiple sources. For example, http://example.com/great-multiplication-intro.html.'),
(294, 1, 9, 'commentCount', 'commentCount', 'The number of comments this CreativeWork (e.g. Article, Question or Answer) has received. This is most applicable to works published in Web sites with commenting system; additional comments may exist elsewhere.'),
(295, 1, 9, 'url', 'url', 'URL of the item.'),
(296, 1, 9, 'sourceOrganization', 'sourceOrganization', 'The Organization on whose behalf the creator was working.'),
(297, 1, 9, 'disambiguatingDescription', 'disambiguatingDescription', 'A sub property of description. A short description of the item used to disambiguate from other, similar items. Information from other properties (in particular, name) may be necessary for the description to be useful for disambiguation.'),
(298, 1, 9, 'timeRequired', 'timeRequired', 'Approximate or typical time it takes to work with or through this learning resource for the typical intended target audience, e.g. \'PT30M\', \'PT1H25M\'.'),
(299, 1, 9, 'recognizedBy', 'recognizedBy', 'An organization that acknowledges the validity, value or utility of a credential. Note: recognition may include a process of quality assurance or accreditation.'),
(300, 1, 9, 'keywords', 'keywords', 'Keywords or tags used to describe this content. Multiple entries in a keywords list are typically delimited by commas.'),
(301, 1, 9, 'datePublished', 'datePublished', 'Date of first broadcast/publication.'),
(302, 1, 9, 'character', 'character', 'Fictional person connected with a creative work.'),
(303, 1, 9, 'spatialCoverage', 'spatialCoverage', 'The spatialCoverage of a CreativeWork indicates the place(s) which are the focus of the content. It is a subproperty of\n      contentLocation intended primarily for more technical and detailed materials. For example with a Dataset, it indicates\n      areas that the dataset describes: a dataset of New York weather would have spatialCoverage which was the place: the state of New York.'),
(304, 1, 9, 'citation', 'citation', 'A citation or reference to another creative work, such as another publication, web page, scholarly article, etc.'),
(305, 1, 9, 'discussionUrl', 'discussionUrl', 'A link to the page containing the comments of the CreativeWork.'),
(306, 1, 9, 'aggregateRating', 'aggregateRating', 'The overall rating, based on a collection of reviews or ratings, of the item.'),
(307, 1, 9, 'releasedEvent', 'releasedEvent', 'The place and time the release was issued, expressed as a PublicationEvent.'),
(308, 1, 9, 'sdLicense', 'sdLicense', 'A license document that applies to this structured data, typically indicated by URL.'),
(309, 1, 9, 'dateModified', 'dateModified', 'The date on which the CreativeWork was most recently modified or when the item\'s entry was modified within a DataFeed.'),
(310, 1, 9, 'learningResourceType', 'learningResourceType', 'The predominant type or kind characterizing the learning resource. For example, \'presentation\', \'handout\'.'),
(311, 1, 9, 'educationalAlignment', 'educationalAlignment', 'An alignment to an established educational framework.'),
(312, 1, 9, 'contentRating', 'contentRating', 'Official rating of a piece of content&#x2014;for example,\'MPAA PG-13\'.'),
(313, 1, 9, 'interactionStatistic', 'interactionStatistic', 'The number of interactions for the CreativeWork using the WebSite or SoftwareApplication. The most specific child type of InteractionCounter should be used.'),
(314, 1, 9, 'validIn', 'validIn', 'The geographic area where a permit or similar thing is valid.'),
(315, 1, 9, 'audio', 'audio', 'An embedded audio object.'),
(316, 1, 9, 'accessibilityAPI', 'accessibilityAPI', 'Indicates that the resource is compatible with the referenced accessibility API (<a href=\"http://www.w3.org/wiki/WebSchemas/Accessibility\">WebSchemas wiki lists possible values</a>).'),
(317, 1, 9, 'sdPublisher', 'sdPublisher', 'Indicates the party responsible for generating and publishing the current structured data markup, typically in cases where the structured data is derived automatically from existing published content but published on a different site. For example, student projects and open data initiatives often re-publish existing content with more explicitly structured metadata. The\n<a class=\"localLink\" href=\"http://schema.org/sdPublisher\">sdPublisher</a> property helps make such practices more explicit.'),
(318, 1, 9, 'material', 'material', 'A material that something is made from, e.g. leather, wool, cotton, paper.'),
(319, 1, 9, 'creativeWorkStatus', 'creativeWorkStatus', 'The status of a creative work in terms of its stage in a lifecycle. Example terms include Incomplete, Draft, Published, Obsolete. Some organizations define a set of terms for the stages of their publication lifecycle.'),
(320, 1, 9, 'recordedAt', 'recordedAt', 'The Event where the CreativeWork was recorded. The CreativeWork may capture all or part of the event.'),
(321, 1, 9, 'offers', 'offers', 'An offer to provide this item&#x2014;for example, an offer to sell a product, rent the DVD of a movie, perform a service, or give away tickets to an event. Use <a class=\"localLink\" href=\"http://schema.org/businessFunction\">businessFunction</a> to indicate the kind of transaction offered, i.e. sell, lease, etc. This property can also be used to describe a <a class=\"localLink\" href=\"http://schema.org/Demand\">Demand</a>. While this property is listed as expected on a number of common types, it can be used in others. In that case, using a second type, such as Product or a subtype of Product, can clarify the nature of the offer.'),
(322, 1, 9, 'publishingPrinciples', 'publishingPrinciples', 'The publishingPrinciples property indicates (typically via <a class=\"localLink\" href=\"http://schema.org/URL\">URL</a>) a document describing the editorial principles of an <a class=\"localLink\" href=\"http://schema.org/Organization\">Organization</a> (or individual e.g. a <a class=\"localLink\" href=\"http://schema.org/Person\">Person</a> writing a blog) that relate to their activities as a publisher, e.g. ethics or diversity policies. When applied to a <a class=\"localLink\" href=\"http://schema.org/CreativeWork\">CreativeWork</a> (e.g. <a class=\"localLink\" href=\"http://schema.org/NewsArticle\">NewsArticle</a>) the principles are those of the party primarily responsible for the creation of the <a class=\"localLink\" href=\"http://schema.org/CreativeWork\">CreativeWork</a>.<br/><br/>\n\nWhile such policies are most typically expressed in natural language, sometimes related information (e.g. indicating a <a class=\"localLink\" href=\"http://schema.org/funder\">funder</a>) can be expressed using schema.org terminology.'),
(323, 1, 9, 'copyrightYear', 'copyrightYear', 'The year during which the claimed copyright for the CreativeWork was first asserted.'),
(324, 1, 9, 'temporal', 'temporal', 'The \"temporal\" property can be used in cases where more specific properties\n(e.g. <a class=\"localLink\" href=\"http://schema.org/temporalCoverage\">temporalCoverage</a>, <a class=\"localLink\" href=\"http://schema.org/dateCreated\">dateCreated</a>, <a class=\"localLink\" href=\"http://schema.org/dateModified\">dateModified</a>, <a class=\"localLink\" href=\"http://schema.org/datePublished\">datePublished</a>) are not known to be appropriate.'),
(325, 1, 9, 'inLanguage', 'inLanguage', 'The language of the content or performance or used in an action. Please use one of the language codes from the <a href=\"http://tools.ietf.org/html/bcp47\">IETF BCP 47 standard</a>. See also <a class=\"localLink\" href=\"http://schema.org/availableLanguage\">availableLanguage</a>.'),
(326, NULL, 8, 'cdunumHasDiplome', 'A comme diplome', NULL);

-- --------------------------------------------------------

--
-- Structure de la table `resource`
--

DROP TABLE IF EXISTS `resource`;
CREATE TABLE IF NOT EXISTS `resource` (
  `id` int(11) NOT NULL AUTO_INCREMENT,
  `owner_id` int(11) DEFAULT NULL,
  `resource_class_id` int(11) DEFAULT NULL,
  `resource_template_id` int(11) DEFAULT NULL,
  `thumbnail_id` int(11) DEFAULT NULL,
  `title` longtext COLLATE utf8mb4_unicode_ci,
  `is_public` tinyint(1) NOT NULL,
  `created` datetime NOT NULL,
  `modified` datetime DEFAULT NULL,
  `resource_type` varchar(255) COLLATE utf8mb4_unicode_ci NOT NULL,
  PRIMARY KEY (`id`),
  KEY `IDX_BC91F4167E3C61F9` (`owner_id`),
  KEY `IDX_BC91F416448CC1BD` (`resource_class_id`),
  KEY `IDX_BC91F41616131EA` (`resource_template_id`),
  KEY `IDX_BC91F416FDFF2E92` (`thumbnail_id`)
) ENGINE=InnoDB AUTO_INCREMENT=15 DEFAULT CHARSET=utf8mb4 COLLATE=utf8mb4_unicode_ci;

--
-- Déchargement des données de la table `resource`
--

INSERT INTO `resource` (`id`, `owner_id`, `resource_class_id`, `resource_template_id`, `thumbnail_id`, `title`, `is_public`, `created`, `modified`, `resource_type`) VALUES
(8, 1, NULL, 6, NULL, 'Etudiant1', 1, '2020-02-24 17:24:52', '2020-02-24 18:20:21', 'Omeka\\Entity\\Item'),
(9, 1, NULL, 7, NULL, 'Ecole1', 1, '2020-02-24 17:38:37', '2020-02-28 09:18:24', 'Omeka\\Entity\\Item'),
(10, 1, NULL, 2, NULL, 'Entreprise1', 1, '2020-02-24 17:40:35', '2020-02-24 17:40:35', 'Omeka\\Entity\\Item'),
(11, 1, NULL, 13, NULL, 'Formation', 1, '2020-02-24 18:26:01', '2020-03-11 20:33:28', 'Omeka\\Entity\\Item'),
(12, 1, NULL, 10, NULL, 'Stage1', 1, '2020-02-24 18:28:53', '2020-02-24 18:28:53', 'Omeka\\Entity\\Item'),
(13, 1, NULL, 11, NULL, 'Annonce1', 1, '2020-02-24 18:40:16', '2020-02-24 18:40:16', 'Omeka\\Entity\\Item'),
(14, 1, 126, 14, NULL, 'Diplome1', 1, '2020-03-11 20:27:14', '2020-03-11 20:27:14', 'Omeka\\Entity\\Item');

-- --------------------------------------------------------

--
-- Structure de la table `resource_class`
--

DROP TABLE IF EXISTS `resource_class`;
CREATE TABLE IF NOT EXISTS `resource_class` (
  `id` int(11) NOT NULL AUTO_INCREMENT,
  `owner_id` int(11) DEFAULT NULL,
  `vocabulary_id` int(11) NOT NULL,
  `local_name` varchar(190) CHARACTER SET utf8mb4 COLLATE utf8mb4_bin NOT NULL,
  `label` varchar(255) COLLATE utf8mb4_unicode_ci NOT NULL,
  `comment` longtext COLLATE utf8mb4_unicode_ci,
  PRIMARY KEY (`id`),
  UNIQUE KEY `UNIQ_C6F063ADAD0E05F6623C14D5` (`vocabulary_id`,`local_name`),
  KEY `IDX_C6F063AD7E3C61F9` (`owner_id`),
  KEY `IDX_C6F063ADAD0E05F6` (`vocabulary_id`)
) ENGINE=InnoDB AUTO_INCREMENT=127 DEFAULT CHARSET=utf8mb4 COLLATE=utf8mb4_unicode_ci;

--
-- Déchargement des données de la table `resource_class`
--

INSERT INTO `resource_class` (`id`, `owner_id`, `vocabulary_id`, `local_name`, `label`, `comment`) VALUES
(1, NULL, 1, 'Agent', 'Agent', 'A resource that acts or has the power to act.'),
(2, NULL, 1, 'AgentClass', 'Agent Class', 'A group of agents.'),
(3, NULL, 1, 'BibliographicResource', 'Bibliographic Resource', 'A book, article, or other documentary resource.'),
(4, NULL, 1, 'FileFormat', 'File Format', 'A digital resource format.'),
(5, NULL, 1, 'Frequency', 'Frequency', 'A rate at which something recurs.'),
(6, NULL, 1, 'Jurisdiction', 'Jurisdiction', 'The extent or range of judicial, law enforcement, or other authority.'),
(7, NULL, 1, 'LicenseDocument', 'License Document', 'A legal document giving official permission to do something with a Resource.'),
(8, NULL, 1, 'LinguisticSystem', 'Linguistic System', 'A system of signs, symbols, sounds, gestures, or rules used in communication.'),
(9, NULL, 1, 'Location', 'Location', 'A spatial region or named place.'),
(10, NULL, 1, 'LocationPeriodOrJurisdiction', 'Location, Period, or Jurisdiction', 'A location, period of time, or jurisdiction.'),
(11, NULL, 1, 'MediaType', 'Media Type', 'A file format or physical medium.'),
(12, NULL, 1, 'MediaTypeOrExtent', 'Media Type or Extent', 'A media type or extent.'),
(13, NULL, 1, 'MethodOfInstruction', 'Method of Instruction', 'A process that is used to engender knowledge, attitudes, and skills.'),
(14, NULL, 1, 'MethodOfAccrual', 'Method of Accrual', 'A method by which resources are added to a collection.'),
(15, NULL, 1, 'PeriodOfTime', 'Period of Time', 'An interval of time that is named or defined by its start and end dates.'),
(16, NULL, 1, 'PhysicalMedium', 'Physical Medium', 'A physical material or carrier.'),
(17, NULL, 1, 'PhysicalResource', 'Physical Resource', 'A material thing.'),
(18, NULL, 1, 'Policy', 'Policy', 'A plan or course of action by an authority, intended to influence and determine decisions, actions, and other matters.'),
(19, NULL, 1, 'ProvenanceStatement', 'Provenance Statement', 'A statement of any changes in ownership and custody of a resource since its creation that are significant for its authenticity, integrity, and interpretation.'),
(20, NULL, 1, 'RightsStatement', 'Rights Statement', 'A statement about the intellectual property rights (IPR) held in or over a Resource, a legal document giving official permission to do something with a resource, or a statement about access rights.'),
(21, NULL, 1, 'SizeOrDuration', 'Size or Duration', 'A dimension or extent, or a time taken to play or execute.'),
(22, NULL, 1, 'Standard', 'Standard', 'A basis for comparison; a reference point against which other things can be evaluated.'),
(23, NULL, 2, 'Collection', 'Collection', 'An aggregation of resources.'),
(24, NULL, 2, 'Dataset', 'Dataset', 'Data encoded in a defined structure.'),
(25, NULL, 2, 'Event', 'Event', 'A non-persistent, time-based occurrence.'),
(26, NULL, 2, 'Image', 'Image', 'A visual representation other than text.'),
(27, NULL, 2, 'InteractiveResource', 'Interactive Resource', 'A resource requiring interaction from the user to be understood, executed, or experienced.'),
(28, NULL, 2, 'Service', 'Service', 'A system that provides one or more functions.'),
(29, NULL, 2, 'Software', 'Software', 'A computer program in source or compiled form.'),
(30, NULL, 2, 'Sound', 'Sound', 'A resource primarily intended to be heard.'),
(31, NULL, 2, 'Text', 'Text', 'A resource consisting primarily of words for reading.'),
(32, NULL, 2, 'PhysicalObject', 'Physical Object', 'An inanimate, three-dimensional object or substance.'),
(33, NULL, 2, 'StillImage', 'Still Image', 'A static visual representation.'),
(34, NULL, 2, 'MovingImage', 'Moving Image', 'A series of visual representations imparting an impression of motion when shown in succession.'),
(35, NULL, 3, 'AcademicArticle', 'Academic Article', 'A scholarly academic article, typically published in a journal.'),
(36, NULL, 3, 'Article', 'Article', 'A written composition in prose, usually nonfiction, on a specific topic, forming an independent part of a book or other publication, as a newspaper or magazine.'),
(37, NULL, 3, 'AudioDocument', 'audio document', 'An audio document; aka record.'),
(38, NULL, 3, 'AudioVisualDocument', 'audio-visual document', 'An audio-visual document; film, video, and so forth.'),
(39, NULL, 3, 'Bill', 'Bill', 'Draft legislation presented for discussion to a legal body.'),
(40, NULL, 3, 'Book', 'Book', 'A written or printed work of fiction or nonfiction, usually on sheets of paper fastened or bound together within covers.'),
(41, NULL, 3, 'BookSection', 'Book Section', 'A section of a book.'),
(42, NULL, 3, 'Brief', 'Brief', 'A written argument submitted to a court.'),
(43, NULL, 3, 'Chapter', 'Chapter', 'A chapter of a book.'),
(44, NULL, 3, 'Code', 'Code', 'A collection of statutes.'),
(45, NULL, 3, 'CollectedDocument', 'Collected Document', 'A document that simultaneously contains other documents.'),
(46, NULL, 3, 'Collection', 'Collection', 'A collection of Documents or Collections'),
(47, NULL, 3, 'Conference', 'Conference', 'A meeting for consultation or discussion.'),
(48, NULL, 3, 'CourtReporter', 'Court Reporter', 'A collection of legal cases.'),
(49, NULL, 3, 'Document', 'Document', 'A document (noun) is a bounded physical representation of body of information designed with the capacity (and usually intent) to communicate. A document may manifest symbolic, diagrammatic or sensory-representational information.'),
(50, NULL, 3, 'DocumentPart', 'document part', 'a distinct part of a larger document or collected document.'),
(51, NULL, 3, 'DocumentStatus', 'Document Status', 'The status of the publication of a document.'),
(52, NULL, 3, 'EditedBook', 'Edited Book', 'An edited book.'),
(53, NULL, 3, 'Email', 'EMail', 'A written communication addressed to a person or organization and transmitted electronically.'),
(54, NULL, 3, 'Event', 'Event', NULL),
(55, NULL, 3, 'Excerpt', 'Excerpt', 'A passage selected from a larger work.'),
(56, NULL, 3, 'Film', 'Film', 'aka movie.'),
(57, NULL, 3, 'Hearing', 'Hearing', 'An instance or a session in which testimony and arguments are presented, esp. before an official, as a judge in a lawsuit.'),
(58, NULL, 3, 'Image', 'Image', 'A document that presents visual or diagrammatic information.'),
(59, NULL, 3, 'Interview', 'Interview', 'A formalized discussion between two or more people.'),
(60, NULL, 3, 'Issue', 'Issue', 'something that is printed or published and distributed, esp. a given number of a periodical'),
(61, NULL, 3, 'Journal', 'Journal', 'A periodical of scholarly journal Articles.'),
(62, NULL, 3, 'LegalCaseDocument', 'Legal Case Document', 'A document accompanying a legal case.'),
(63, NULL, 3, 'LegalDecision', 'Decision', 'A document containing an authoritative determination (as a decree or judgment) made after consideration of facts or law.'),
(64, NULL, 3, 'LegalDocument', 'Legal Document', 'A legal document; for example, a court decision, a brief, and so forth.'),
(65, NULL, 3, 'Legislation', 'Legislation', 'A legal document proposing or enacting a law or a group of laws.'),
(66, NULL, 3, 'Letter', 'Letter', 'A written or printed communication addressed to a person or organization and usually transmitted by mail.'),
(67, NULL, 3, 'Magazine', 'Magazine', 'A periodical of magazine Articles. A magazine is a publication that is issued periodically, usually bound in a paper cover, and typically contains essays, stories, poems, etc., by many writers, and often photographs and drawings, frequently specializing in a particular subject or area, as hobbies, news, or sports.'),
(68, NULL, 3, 'Manual', 'Manual', 'A small reference book, especially one giving instructions.'),
(69, NULL, 3, 'Manuscript', 'Manuscript', 'An unpublished Document, which may also be submitted to a publisher for publication.'),
(70, NULL, 3, 'Map', 'Map', 'A graphical depiction of geographic features.'),
(71, NULL, 3, 'MultiVolumeBook', 'Multivolume Book', 'A loose, thematic, collection of Documents, often Books.'),
(72, NULL, 3, 'Newspaper', 'Newspaper', 'A periodical of documents, usually issued daily or weekly, containing current news, editorials, feature articles, and usually advertising.'),
(73, NULL, 3, 'Note', 'Note', 'Notes or annotations about a resource.'),
(74, NULL, 3, 'Patent', 'Patent', 'A document describing the exclusive right granted by a government to an inventor to manufacture, use, or sell an invention for a certain number of years.'),
(75, NULL, 3, 'Performance', 'Performance', 'A public performance.'),
(76, NULL, 3, 'Periodical', 'Periodical', 'A group of related documents issued at regular intervals.'),
(77, NULL, 3, 'PersonalCommunication', 'Personal Communication', 'A communication between an agent and one or more specific recipients.'),
(78, NULL, 3, 'PersonalCommunicationDocument', 'Personal Communication Document', 'A personal communication manifested in some document.'),
(79, NULL, 3, 'Proceedings', 'Proceedings', 'A compilation of documents published from an event, such as a conference.'),
(80, NULL, 3, 'Quote', 'Quote', 'An excerpted collection of words.'),
(81, NULL, 3, 'ReferenceSource', 'Reference Source', 'A document that presents authoritative reference information, such as a dictionary or encylopedia .'),
(82, NULL, 3, 'Report', 'Report', 'A document describing an account or statement describing in detail an event, situation, or the like, usually as the result of observation, inquiry, etc..'),
(83, NULL, 3, 'Series', 'Series', 'A loose, thematic, collection of Documents, often Books.'),
(84, NULL, 3, 'Slide', 'Slide', 'A slide in a slideshow'),
(85, NULL, 3, 'Slideshow', 'Slideshow', 'A presentation of a series of slides, usually presented in front of an audience with written text and images.'),
(86, NULL, 3, 'Standard', 'Standard', 'A document describing a standard'),
(87, NULL, 3, 'Statute', 'Statute', 'A bill enacted into law.'),
(88, NULL, 3, 'Thesis', 'Thesis', 'A document created to summarize research findings associated with the completion of an academic degree.'),
(89, NULL, 3, 'ThesisDegree', 'Thesis degree', 'The academic degree of a Thesis'),
(90, NULL, 3, 'Webpage', 'Webpage', 'A web page is an online document available (at least initially) on the world wide web. A web page is written first and foremost to appear on the web, as distinct from other online resources such as books, manuscripts or audio documents which use the web primarily as a distribution mechanism alongside other more traditional methods such as print.'),
(91, NULL, 3, 'Website', 'Website', 'A group of Webpages accessible on the Web.'),
(92, NULL, 3, 'Workshop', 'Workshop', 'A seminar, discussion group, or the like, that emphasizes zxchange of ideas and the demonstration and application of techniques, skills, etc.'),
(93, NULL, 4, 'LabelProperty', 'Label Property', 'A foaf:LabelProperty is any RDF property with texual values that serve as labels.'),
(94, NULL, 4, 'Person', 'Person', 'A person.'),
(95, NULL, 4, 'Document', 'Document', 'A document.'),
(96, NULL, 4, 'Organization', 'Organization', 'An organization.'),
(97, NULL, 4, 'Group', 'Group', 'A class of Agents.'),
(98, NULL, 4, 'Agent', 'Agent', 'An agent (eg. person, group, software or physical artifact).'),
(99, NULL, 4, 'Project', 'Project', 'A project (a collective endeavour of some kind).'),
(100, NULL, 4, 'Image', 'Image', 'An image.'),
(101, NULL, 4, 'PersonalProfileDocument', 'PersonalProfileDocument', 'A personal profile RDF document.'),
(102, NULL, 4, 'OnlineAccount', 'Online Account', 'An online account.'),
(103, NULL, 4, 'OnlineGamingAccount', 'Online Gaming Account', 'An online gaming account.'),
(104, NULL, 4, 'OnlineEcommerceAccount', 'Online E-commerce Account', 'An online e-commerce account.'),
(105, NULL, 4, 'OnlineChatAccount', 'Online Chat Account', 'An online chat account.'),
(106, 1, 5, 'SpatialThing', 'SpatialThing', 'Anything with spatial extent, i.e. size, shape, or position.\n e.g. people, places, bowling balls, as well as abstract areas like cubes.\n'),
(107, 1, 5, 'Point', 'point', 'A point, typically described using a coordinate system relative to Earth, such as WGS84.\n  '),
(116, 1, 7, 'fup8Datedébut', 'Date de début', NULL),
(117, 1, 7, 'fup8Datefin', 'Date de Fin', NULL),
(118, 1, 7, 'fup8heure', 'heure', NULL),
(119, 1, 7, 'fup8Adresse', 'Adresse', NULL),
(120, 1, 7, 'fup8CV', 'CV', NULL),
(121, 1, 7, 'fup8Date_naissance', 'Date de naissance', NULL),
(122, 1, 7, 'fup8Nombre_années', 'Nombre d\'années', NULL),
(123, 1, 7, 'fup8Domaine', 'Domaine', NULL),
(124, 1, 9, 'CreativeWork', 'CreativeWork', 'The most generic kind of creative work, including books, movies, photographs, software programs, etc.'),
(125, 1, 9, 'Thing', 'Thing', 'The most generic type of item.'),
(126, 1, 9, 'EducationalOccupationalCredential', 'EducationalOccupationalCredential', 'An educational or occupational credential. A diploma, academic degree, certification, qualification, badge, etc., that may be awarded to a person or other entity that meets the requirements defined by the credentialer.');

-- --------------------------------------------------------

--
-- Structure de la table `resource_template`
--

DROP TABLE IF EXISTS `resource_template`;
CREATE TABLE IF NOT EXISTS `resource_template` (
  `id` int(11) NOT NULL AUTO_INCREMENT,
  `owner_id` int(11) DEFAULT NULL,
  `resource_class_id` int(11) DEFAULT NULL,
  `title_property_id` int(11) DEFAULT NULL,
  `description_property_id` int(11) DEFAULT NULL,
  `label` varchar(190) COLLATE utf8mb4_unicode_ci NOT NULL,
  PRIMARY KEY (`id`),
  UNIQUE KEY `UNIQ_39ECD52EEA750E8` (`label`),
  KEY `IDX_39ECD52E7E3C61F9` (`owner_id`),
  KEY `IDX_39ECD52E448CC1BD` (`resource_class_id`),
  KEY `IDX_39ECD52E724734A3` (`title_property_id`),
  KEY `IDX_39ECD52EB84E0D1D` (`description_property_id`)
) ENGINE=InnoDB AUTO_INCREMENT=15 DEFAULT CHARSET=utf8mb4 COLLATE=utf8mb4_unicode_ci;

--
-- Déchargement des données de la table `resource_template`
--

INSERT INTO `resource_template` (`id`, `owner_id`, `resource_class_id`, `title_property_id`, `description_property_id`, `label`) VALUES
(1, NULL, NULL, NULL, NULL, 'Base Resource'),
(2, 1, NULL, NULL, NULL, 'Entreprise'),
(5, 1, NULL, NULL, NULL, 'Simulateur/Itinéraire de formation'),
(6, 1, NULL, NULL, NULL, 'Etudiant'),
(7, 1, NULL, NULL, NULL, 'Ecole'),
(8, 1, NULL, NULL, NULL, 'Géolocalisation'),
(9, 1, NULL, NULL, NULL, 'Profil professionnel'),
(10, 1, NULL, NULL, NULL, 'Stage'),
(11, 1, NULL, NULL, NULL, 'Annonce'),
(12, 1, NULL, NULL, NULL, 'Ville'),
(13, 1, NULL, NULL, NULL, 'Formation'),
(14, 1, 126, NULL, NULL, 'Diplome');

-- --------------------------------------------------------

--
-- Structure de la table `resource_template_property`
--

DROP TABLE IF EXISTS `resource_template_property`;
CREATE TABLE IF NOT EXISTS `resource_template_property` (
  `id` int(11) NOT NULL AUTO_INCREMENT,
  `resource_template_id` int(11) NOT NULL,
  `property_id` int(11) NOT NULL,
  `alternate_label` varchar(255) COLLATE utf8mb4_unicode_ci DEFAULT NULL,
  `alternate_comment` longtext COLLATE utf8mb4_unicode_ci,
  `position` int(11) DEFAULT NULL,
  `data_type` varchar(255) COLLATE utf8mb4_unicode_ci DEFAULT NULL,
  `is_required` tinyint(1) NOT NULL,
  `is_private` tinyint(1) NOT NULL,
  PRIMARY KEY (`id`),
  UNIQUE KEY `UNIQ_4689E2F116131EA549213EC` (`resource_template_id`,`property_id`),
  KEY `IDX_4689E2F116131EA` (`resource_template_id`),
  KEY `IDX_4689E2F1549213EC` (`property_id`)
) ENGINE=InnoDB AUTO_INCREMENT=91 DEFAULT CHARSET=utf8mb4 COLLATE=utf8mb4_unicode_ci;

--
-- Déchargement des données de la table `resource_template_property`
--

INSERT INTO `resource_template_property` (`id`, `resource_template_id`, `property_id`, `alternate_label`, `alternate_comment`, `position`, `data_type`, `is_required`, `is_private`) VALUES
(1, 1, 1, NULL, NULL, 1, NULL, 0, 0),
(2, 1, 15, NULL, NULL, 2, NULL, 0, 0),
(3, 1, 8, NULL, NULL, 3, NULL, 0, 0),
(4, 1, 2, NULL, NULL, 4, NULL, 0, 0),
(5, 1, 7, NULL, NULL, 5, NULL, 0, 0),
(6, 1, 4, NULL, NULL, 6, NULL, 0, 0),
(7, 1, 9, NULL, NULL, 7, NULL, 0, 0),
(8, 1, 12, NULL, NULL, 8, NULL, 0, 0),
(9, 1, 40, 'Place', NULL, 9, NULL, 0, 0),
(10, 1, 5, NULL, NULL, 10, NULL, 0, 0),
(11, 1, 17, NULL, NULL, 11, NULL, 0, 0),
(12, 1, 6, NULL, NULL, 12, NULL, 0, 0),
(13, 1, 25, NULL, NULL, 13, NULL, 0, 0),
(14, 1, 10, NULL, NULL, 14, NULL, 0, 0),
(15, 1, 13, NULL, NULL, 15, NULL, 0, 0),
(16, 1, 29, NULL, NULL, 16, NULL, 0, 0),
(17, 1, 30, NULL, NULL, 17, NULL, 0, 0),
(18, 1, 50, NULL, NULL, 18, NULL, 0, 0),
(19, 1, 3, NULL, NULL, 19, NULL, 0, 0),
(20, 1, 41, NULL, NULL, 20, NULL, 0, 0),
(21, 2, 1, NULL, NULL, 1, NULL, 0, 0),
(22, 2, 4, NULL, NULL, 2, NULL, 0, 0),
(23, 2, 189, NULL, NULL, 3, NULL, 0, 0),
(30, 5, 1, NULL, NULL, 1, NULL, 0, 0),
(31, 5, 4, NULL, NULL, 2, NULL, 0, 0),
(36, 6, 4, NULL, NULL, 2, NULL, 0, 0),
(37, 6, 139, NULL, NULL, 3, NULL, 0, 0),
(38, 6, 144, NULL, NULL, 4, NULL, 0, 0),
(39, 6, 183, NULL, NULL, 5, NULL, 0, 0),
(40, 6, 123, NULL, NULL, 7, NULL, 0, 0),
(42, 7, 4, NULL, NULL, 2, NULL, 0, 0),
(44, 7, 189, NULL, NULL, 3, NULL, 0, 0),
(45, 8, 4, NULL, NULL, 2, NULL, 0, 0),
(46, 8, 189, NULL, NULL, 3, NULL, 0, 0),
(47, 9, 4, NULL, NULL, 2, NULL, 0, 0),
(48, 9, 144, NULL, NULL, 3, NULL, 0, 0),
(49, 9, 139, NULL, NULL, 4, NULL, 0, 0),
(50, 9, 183, NULL, NULL, 5, NULL, 0, 0),
(51, 9, 123, NULL, NULL, 6, NULL, 0, 0),
(52, 5, 189, NULL, NULL, 3, NULL, 0, 0),
(53, 2, 138, NULL, NULL, 4, NULL, 0, 0),
(54, 10, 4, NULL, NULL, 2, NULL, 0, 0),
(55, 11, 4, NULL, NULL, 2, NULL, 0, 0),
(56, 11, 58, NULL, NULL, 4, NULL, 0, 0),
(57, 12, 1, NULL, NULL, 1, NULL, 0, 0),
(58, 12, 4, NULL, NULL, 2, NULL, 0, 0),
(59, 12, 138, NULL, NULL, 3, NULL, 0, 0),
(60, 12, 189, NULL, NULL, 4, NULL, 0, 0),
(61, 11, 1, NULL, NULL, 1, NULL, 0, 0),
(62, 7, 1, NULL, NULL, 1, NULL, 0, 0),
(63, 6, 1, NULL, NULL, 1, NULL, 0, 0),
(65, 8, 1, NULL, NULL, 1, NULL, 0, 0),
(66, 9, 1, NULL, NULL, 1, NULL, 0, 0),
(67, 10, 1, NULL, NULL, 1, NULL, 0, 0),
(68, 7, 196, NULL, NULL, 4, NULL, 0, 0),
(69, 11, 7, NULL, NULL, 3, NULL, 0, 0),
(70, 11, 195, NULL, NULL, 5, NULL, 0, 0),
(71, 6, 198, NULL, NULL, 6, NULL, 0, 0),
(74, 6, 196, NULL, NULL, 8, NULL, 0, 0),
(75, 6, 197, NULL, NULL, 9, NULL, 0, 0),
(76, 9, 196, NULL, NULL, 7, NULL, 0, 0),
(77, 9, 200, NULL, NULL, 8, NULL, 0, 0),
(78, 10, 193, NULL, NULL, 3, NULL, 0, 0),
(79, 10, 194, NULL, NULL, 4, NULL, 0, 0),
(80, 10, 196, NULL, NULL, 5, NULL, 0, 0),
(81, 7, 209, NULL, NULL, 5, NULL, 0, 0),
(82, 13, 1, NULL, NULL, 1, NULL, 0, 0),
(83, 13, 207, NULL, NULL, 2, NULL, 0, 0),
(84, 13, 138, NULL, NULL, 3, NULL, 0, 0),
(85, 14, 1, NULL, NULL, 1, NULL, 0, 0),
(86, 14, 4, NULL, NULL, 2, NULL, 0, 0),
(87, 14, 226, NULL, NULL, 3, NULL, 0, 0),
(88, 14, 247, NULL, NULL, 4, NULL, 0, 0),
(89, 14, 299, NULL, NULL, 5, NULL, 0, 0),
(90, 13, 326, NULL, NULL, 4, NULL, 0, 0);

-- --------------------------------------------------------

--
-- Structure de la table `session`
--

DROP TABLE IF EXISTS `session`;
CREATE TABLE IF NOT EXISTS `session` (
  `id` varchar(190) COLLATE utf8mb4_unicode_ci NOT NULL,
  `data` longblob NOT NULL,
  `modified` int(11) NOT NULL,
  PRIMARY KEY (`id`)
) ENGINE=InnoDB DEFAULT CHARSET=utf8mb4 COLLATE=utf8mb4_unicode_ci;

--
-- Déchargement des données de la table `session`
--

INSERT INTO `session` (`id`, `data`, `modified`) VALUES
('0vhcs7l488s6go51n4al6peq89', 0x5f5f5a467c613a393a7b733a32303a225f524551554553545f4143434553535f54494d45223b643a313538333935383833312e3438373434363b733a363a225f56414c4944223b613a313a7b733a32353a225a656e645c53657373696f6e5c56616c696461746f725c4964223b733a32363a226f6c766661363330656a6439626e74756730316d76733969616f223b7d733a33393a225a656e645f56616c696461746f725f437372665f73616c745f6c6f67696e666f726d5f63737266223b613a313a7b733a363a22455850495245223b693a313538323237373439383b7d733a32393a225a656e645f56616c696461746f725f437372665f73616c745f63737266223b613a313a7b733a363a22455850495245223b693a313538333936323337353b7d733a35303a225a656e645f56616c696461746f725f437372665f73616c745f7265736f7572636574656d706c617465666f726d5f63737266223b613a313a7b733a363a22455850495245223b693a313538333936323332373b7d733a35363a225a656e645f56616c696461746f725f437372665f73616c745f7265736f7572636574656d706c617465696d706f7274666f726d5f63737266223b613a313a7b733a363a22455850495245223b693a313538333935353938303b7d733a34343a225a656e645f56616c696461746f725f437372665f73616c745f766f636162756c617279666f726d5f63737266223b613a313a7b733a363a22455850495245223b693a313538333936323237353b7d733a34313a225a656e645f56616c696461746f725f437372665f73616c745f636f6e6669726d666f726d5f63737266223b613a313a7b733a363a22455850495245223b693a313538333936323433323b7d733a35303a225a656e645f56616c696461746f725f437372665f73616c745f766f636162756c617279757064617465666f726d5f63737266223b613a313a7b733a363a22455850495245223b693a313538333936323239363b7d7d5a656e645f56616c696461746f725f437372665f73616c745f6c6f67696e666f726d5f637372667c433a32333a225a656e645c5374646c69625c41727261794f626a656374223a3339313a7b613a343a7b733a373a2273746f72616765223b613a323a7b733a393a22746f6b656e4c697374223b613a313a7b733a33323a223130316664303163616261306463353333653863363161636365643862636532223b733a33323a223335356163393932313265623663363865333166613964313939373162326330223b7d733a343a2268617368223b733a36353a2233353561633939323132656236633638653331666139643139393731623263302d3130316664303163616261306463353333653863363161636365643862636532223b7d733a343a22666c6167223b693a323b733a31333a226974657261746f72436c617373223b733a31333a2241727261794974657261746f72223b733a31393a2270726f74656374656450726f70657274696573223b613a343a7b693a303b733a373a2273746f72616765223b693a313b733a343a22666c6167223b693a323b733a31333a226974657261746f72436c617373223b693a333b733a31393a2270726f74656374656450726f70657274696573223b7d7d7d72656469726563745f75726c7c733a35313a22687474703a2f2f6c6f63616c686f73742f636f6d7061676e6f6e7364756e756d65726971756544574d2f6f6d6b2f61646d696e223b5a656e645f417574687c433a32333a225a656e645c5374646c69625c41727261794f626a656374223a3232333a7b613a343a7b733a373a2273746f72616765223b613a313a7b733a373a2273746f72616765223b693a313b7d733a343a22666c6167223b693a323b733a31333a226974657261746f72436c617373223b733a31333a2241727261794974657261746f72223b733a31393a2270726f74656374656450726f70657274696573223b613a343a7b693a303b733a373a2273746f72616765223b693a313b733a343a22666c6167223b693a323b733a31333a226974657261746f72436c617373223b693a333b733a31393a2270726f74656374656450726f70657274696573223b7d7d7d4f6d656b614d657373656e6765727c433a32333a225a656e645c5374646c69625c41727261794f626a656374223a3230353a7b613a343a7b733a373a2273746f72616765223b613a303a7b7d733a343a22666c6167223b693a323b733a31333a226974657261746f72436c617373223b733a31333a2241727261794974657261746f72223b733a31393a2270726f74656374656450726f70657274696573223b613a343a7b693a303b733a373a2273746f72616765223b693a313b733a343a22666c6167223b693a323b733a31333a226974657261746f72436c617373223b693a333b733a31393a2270726f74656374656450726f70657274696573223b7d7d7d5a656e645f56616c696461746f725f437372665f73616c745f637372667c433a32333a225a656e645c5374646c69625c41727261794f626a656374223a3437313a7b613a343a7b733a373a2273746f72616765223b613a323a7b733a393a22746f6b656e4c697374223b613a323a7b733a33323a223435383634373532356265643462323531313864613662613437366664646333223b733a33323a223834343136323933323736323232336666306333373062356466656565373131223b733a33323a223236366561653831643263353037303035343366306231396230346632346464223b733a33323a223032333861633032666138346561626262616361376437393133653531396337223b7d733a343a2268617368223b733a36353a2230323338616330326661383465616262626163613764373931336535313963372d3236366561653831643263353037303035343366306231396230346632346464223b7d733a343a22666c6167223b693a323b733a31333a226974657261746f72436c617373223b733a31333a2241727261794974657261746f72223b733a31393a2270726f74656374656450726f70657274696573223b613a343a7b693a303b733a373a2273746f72616765223b693a313b733a343a22666c6167223b693a323b733a31333a226974657261746f72436c617373223b693a333b733a31393a2270726f74656374656450726f70657274696573223b7d7d7d5a656e645f56616c696461746f725f437372665f73616c745f7265736f7572636574656d706c617465666f726d5f637372667c433a32333a225a656e645c5374646c69625c41727261794f626a656374223a3535313a7b613a343a7b733a373a2273746f72616765223b613a323a7b733a393a22746f6b656e4c697374223b613a333a7b733a33323a223630663365383938623034363139336431376635326239363530373433373236223b733a33323a226336323736363535626663363365633164343231643234346136653565306334223b733a33323a226563626337373030393964376363313336353866366364653036316535666365223b733a33323a226433663634313638613033333833643866323334383263396237623762373836223b733a33323a226131373665663734666366613661373135313666346131373631613866303635223b733a33323a223538326265616632653232623965396663366533653233383862613166383336223b7d733a343a2268617368223b733a36353a2235383262656166326532326239653966633665336532333838626131663833362d6131373665663734666366613661373135313666346131373631613866303635223b7d733a343a22666c6167223b693a323b733a31333a226974657261746f72436c617373223b733a31333a2241727261794974657261746f72223b733a31393a2270726f74656374656450726f70657274696573223b613a343a7b693a303b733a373a2273746f72616765223b693a313b733a343a22666c6167223b693a323b733a31333a226974657261746f72436c617373223b693a333b733a31393a2270726f74656374656450726f70657274696573223b7d7d7d5a656e645f56616c696461746f725f437372665f73616c745f7265736f7572636574656d706c617465696d706f7274666f726d5f637372667c433a32333a225a656e645c5374646c69625c41727261794f626a656374223a3339313a7b613a343a7b733a373a2273746f72616765223b613a323a7b733a393a22746f6b656e4c697374223b613a313a7b733a33323a223264316637346139396239643062316664613730373430623438656666323763223b733a33323a226539636536663932353030336634346365623530613834626535626231303635223b7d733a343a2268617368223b733a36353a2265396365366639323530303366343463656235306138346265356262313036352d3264316637346139396239643062316664613730373430623438656666323763223b7d733a343a22666c6167223b693a323b733a31333a226974657261746f72436c617373223b733a31333a2241727261794974657261746f72223b733a31393a2270726f74656374656450726f70657274696573223b613a343a7b693a303b733a373a2273746f72616765223b693a313b733a343a22666c6167223b693a323b733a31333a226974657261746f72436c617373223b693a333b733a31393a2270726f74656374656450726f70657274696573223b7d7d7d5a656e645f56616c696461746f725f437372665f73616c745f766f636162756c617279666f726d5f637372667c433a32333a225a656e645c5374646c69625c41727261794f626a656374223a3437313a7b613a343a7b733a373a2273746f72616765223b613a323a7b733a393a22746f6b656e4c697374223b613a323a7b733a33323a226364623135616438656237656661633233393839633735643637333664376566223b733a33323a223430393665376264336465356135356664333662656262316564393665393663223b733a33323a226163656530363166343936346237336330306632333635646463386330336266223b733a33323a223133633761383430616139356238666436343563323837333266383037326338223b7d733a343a2268617368223b733a36353a2231336337613834306161393562386664363435633238373332663830373263382d6163656530363166343936346237336330306632333635646463386330336266223b7d733a343a22666c6167223b693a323b733a31333a226974657261746f72436c617373223b733a31333a2241727261794974657261746f72223b733a31393a2270726f74656374656450726f70657274696573223b613a343a7b693a303b733a373a2273746f72616765223b693a313b733a343a22666c6167223b693a323b733a31333a226974657261746f72436c617373223b693a333b733a31393a2270726f74656374656450726f70657274696573223b7d7d7d5a656e645f56616c696461746f725f437372665f73616c745f636f6e6669726d666f726d5f637372667c433a32333a225a656e645c5374646c69625c41727261794f626a656374223a313931323a7b613a343a7b733a373a2273746f72616765223b613a323a7b733a393a22746f6b656e4c697374223b613a32303a7b733a33323a226132383331663566616133383638633739396537663436356130393136666339223b733a33323a226230393831633764646136313137653138333634656563363963323930323333223b733a33323a223336626336323762653034653462386666646139643535393830336436316262223b733a33323a223561353061363664383131626462613938383736316534313333353237653631223b733a33323a223462323666313037363834303263353366316637656630376163393332396564223b733a33323a226530333533626464393334326133646636666636393336643566353334346462223b733a33323a226336633838336634666161623635303133363965363562373964323539643263223b733a33323a226431613866336162653731653037323161373633633261653737383135626139223b733a33323a223366376438393839626533306232663066666633386235663562656562316139223b733a33323a223064316362376438313961623531653363643666616639613131323739653264223b733a33323a223231303138376265323463373531303235313835313033306131383838396239223b733a33323a223031626236336161376230616463643866333461333566326663393862666330223b733a33323a223465356265326264343735613161623964616533663734313233316436633534223b733a33323a223563663463393339333932643931346437383761386366616330626138626236223b733a33323a223762383366356334653439373335393162653732343430363438313261306534223b733a33323a226234646136316562636235613065333261393366326534313664313563643636223b733a33323a226136383633613238636461353132326434376439353062633966316633306138223b733a33323a223935653138623137623138663866653036336563643439656132616237376230223b733a33323a226364633263656530363932623861393661316536663461393039363266353732223b733a33323a223762393534653965306530373165363632626565653738336362643161363434223b733a33323a223737353061663664396561323631376530303431336433363464653736303336223b733a33323a223332363931663530353736613033343839353833393461646264666431633063223b733a33323a226661656162623862623638333339653265633637323564386135316466313363223b733a33323a226463383735356435356264633133653534383866663338303632393664326435223b733a33323a223535306532343338333637336439366537613031623438323734336265646264223b733a33323a223430643864626639333663333665663034623731303334363639663632383462223b733a33323a226164373665393739366232656234656133616464616661656235373965383132223b733a33323a223464393062636666333764666434313264383063393036396662363730663562223b733a33323a223962373761303362343838346335373630653434353166646263356532393036223b733a33323a223330613165333034346432323636613262313637346664336232396534613764223b733a33323a223964306562313535316639323134383037336365356236613732636362663464223b733a33323a226264633133373262646663313639356332656266313364396461303038656431223b733a33323a226436636535633732366130613466373335306432626635663336363566396333223b733a33323a223963366436316535353438326230336535376361343934386434303431623163223b733a33323a223762393330396265363331366536626532366237376239393037353962373861223b733a33323a223664386138336633346535623331613534616662346532393132656163383435223b733a33323a223161663535356230633633666533323831383731656636643664376432633061223b733a33323a226334616232343136656539363731613936633738656466396634633861653639223b733a33323a226634613935396430326562656665366563373431303635316633363535363638223b733a33323a223330316236383162616433633734643435323765653162313963396633646333223b7d733a343a2268617368223b733a36353a2233303162363831626164336337346434353237656531623139633966336463332d6634613935396430326562656665366563373431303635316633363535363638223b7d733a343a22666c6167223b693a323b733a31333a226974657261746f72436c617373223b733a31333a2241727261794974657261746f72223b733a31393a2270726f74656374656450726f70657274696573223b613a343a7b693a303b733a373a2273746f72616765223b693a313b733a343a22666c6167223b693a323b733a31333a226974657261746f72436c617373223b693a333b733a31393a2270726f74656374656450726f70657274696573223b7d7d7d5a656e645f56616c696461746f725f437372665f73616c745f766f636162756c617279757064617465666f726d5f637372667c433a32333a225a656e645c5374646c69625c41727261794f626a656374223a3339313a7b613a343a7b733a373a2273746f72616765223b613a323a7b733a393a22746f6b656e4c697374223b613a313a7b733a33323a226261356234633038383337356534663536643237363235613933396138346338223b733a33323a226261326365383261623166323563383362316439346237303762353966316437223b7d733a343a2268617368223b733a36353a2262613263653832616231663235633833623164393462373037623539663164372d6261356234633038383337356534663536643237363235613933396138346338223b7d733a343a22666c6167223b693a323b733a31333a226974657261746f72436c617373223b733a31333a2241727261794974657261746f72223b733a31393a2270726f74656374656450726f70657274696573223b613a343a7b693a303b733a373a2273746f72616765223b693a313b733a343a22666c6167223b693a323b733a31333a226974657261746f72436c617373223b693a333b733a31393a2270726f74656374656450726f70657274696573223b7d7d7d, 1583958832),
('2css2c7a2eogd7c38rvvgb5p5f', 0x5f5f5a467c613a343a7b733a32303a225f524551554553545f4143434553535f54494d45223b643a313538313039363833322e3033343733343b733a363a225f56414c4944223b613a313a7b733a32353a225a656e645c53657373696f6e5c56616c696461746f725c4964223b733a32363a22326d6b6d706d356663696662636f31317675326932396637736e223b7d733a33393a225a656e645f56616c696461746f725f437372665f73616c745f6c6f67696e666f726d5f63737266223b613a313a7b733a363a22455850495245223b693a313538313038373939373b7d733a35303a225a656e645f56616c696461746f725f437372665f73616c745f7265736f7572636574656d706c617465666f726d5f63737266223b613a313a7b733a363a22455850495245223b693a313538313039313134383b7d7d5a656e645f56616c696461746f725f437372665f73616c745f6c6f67696e666f726d5f637372667c433a32333a225a656e645c5374646c69625c41727261794f626a656374223a3339313a7b613a343a7b733a373a2273746f72616765223b613a323a7b733a393a22746f6b656e4c697374223b613a313a7b733a33323a226536333536376230303536356636663466663261383761633163663239613638223b733a33323a226332643363633430386131326663643531343461663236663834336662666538223b7d733a343a2268617368223b733a36353a2263326433636334303861313266636435313434616632366638343366626665382d6536333536376230303536356636663466663261383761633163663239613638223b7d733a343a22666c6167223b693a323b733a31333a226974657261746f72436c617373223b733a31333a2241727261794974657261746f72223b733a31393a2270726f74656374656450726f70657274696573223b613a343a7b693a303b733a373a2273746f72616765223b693a313b733a343a22666c6167223b693a323b733a31333a226974657261746f72436c617373223b693a333b733a31393a2270726f74656374656450726f70657274696573223b7d7d7d5a656e645f417574687c433a32333a225a656e645c5374646c69625c41727261794f626a656374223a3230353a7b613a343a7b733a373a2273746f72616765223b613a303a7b7d733a343a22666c6167223b693a323b733a31333a226974657261746f72436c617373223b733a31333a2241727261794974657261746f72223b733a31393a2270726f74656374656450726f70657274696573223b613a343a7b693a303b733a373a2273746f72616765223b693a313b733a343a22666c6167223b693a323b733a31333a226974657261746f72436c617373223b693a333b733a31393a2270726f74656374656450726f70657274696573223b7d7d7d4f6d656b614d657373656e6765727c433a32333a225a656e645c5374646c69625c41727261794f626a656374223a3237313a7b613a343a7b733a373a2273746f72616765223b613a313a7b733a383a226d65737361676573223b613a313a7b693a313b613a313a7b693a303b733a32333a225375636365737366756c6c79206c6f67676564206f7574223b7d7d7d733a343a22666c6167223b693a323b733a31333a226974657261746f72436c617373223b733a31333a2241727261794974657261746f72223b733a31393a2270726f74656374656450726f70657274696573223b613a343a7b693a303b733a373a2273746f72616765223b693a313b733a343a22666c6167223b693a323b733a31333a226974657261746f72436c617373223b693a333b733a31393a2270726f74656374656450726f70657274696573223b7d7d7d72656469726563745f75726c7c4e3b5a656e645f56616c696461746f725f437372665f73616c745f7265736f7572636574656d706c617465666f726d5f637372667c433a32333a225a656e645c5374646c69625c41727261794f626a656374223a3437313a7b613a343a7b733a373a2273746f72616765223b613a323a7b733a393a22746f6b656e4c697374223b613a323a7b733a33323a223763353530323030326263623966373631326465333363393562326638653165223b733a33323a223761666235633163323661356438643261366164393938316363666532343430223b733a33323a223864366562663633613164353264643633326333616437656539393733373331223b733a33323a226261393939306630346438663464363138303233366333326535636535346236223b7d733a343a2268617368223b733a36353a2262613939393066303464386634643631383032333663333265356365353462362d3864366562663633613164353264643633326333616437656539393733373331223b7d733a343a22666c6167223b693a323b733a31333a226974657261746f72436c617373223b733a31333a2241727261794974657261746f72223b733a31393a2270726f74656374656450726f70657274696573223b613a343a7b693a303b733a373a2273746f72616765223b693a313b733a343a22666c6167223b693a323b733a31333a226974657261746f72436c617373223b693a333b733a31393a2270726f74656374656450726f70657274696573223b7d7d7d, 1581096832);

-- --------------------------------------------------------

--
-- Structure de la table `setting`
--

DROP TABLE IF EXISTS `setting`;
CREATE TABLE IF NOT EXISTS `setting` (
  `id` varchar(190) COLLATE utf8mb4_unicode_ci NOT NULL,
  `value` longtext COLLATE utf8mb4_unicode_ci NOT NULL COMMENT '(DC2Type:json_array)',
  PRIMARY KEY (`id`)
) ENGINE=InnoDB DEFAULT CHARSET=utf8mb4 COLLATE=utf8mb4_unicode_ci;

--
-- Déchargement des données de la table `setting`
--

INSERT INTO `setting` (`id`, `value`) VALUES
('administrator_email', '\"henriques.chloe1998@gmail.com\"'),
('extension_whitelist', '[\"aac\",\"aif\",\"aiff\",\"asf\",\"asx\",\"avi\",\"bmp\",\"c\",\"cc\",\"class\",\"css\",\"divx\",\"doc\",\"docx\",\"exe\",\"gif\",\"gz\",\"gzip\",\"h\",\"ico\",\"j2k\",\"jp2\",\"jpe\",\"jpeg\",\"jpg\",\"m4a\",\"m4v\",\"mdb\",\"mid\",\"midi\",\"mov\",\"mp2\",\"mp3\",\"mp4\",\"mpa\",\"mpe\",\"mpeg\",\"mpg\",\"mpp\",\"odb\",\"odc\",\"odf\",\"odg\",\"odp\",\"ods\",\"odt\",\"ogg\",\"opus\",\"pdf\",\"png\",\"pot\",\"pps\",\"ppt\",\"pptx\",\"qt\",\"ra\",\"ram\",\"rtf\",\"rtx\",\"swf\",\"tar\",\"tif\",\"tiff\",\"txt\",\"wav\",\"wax\",\"webm\",\"wma\",\"wmv\",\"wmx\",\"wri\",\"xla\",\"xls\",\"xlsx\",\"xlt\",\"xlw\",\"zip\"]'),
('installation_title', '\"Compagnons du num\\u00e9rique\"'),
('locale', '\"fr\"'),
('media_type_whitelist', '[\"application\\/msword\",\"application\\/ogg\",\"application\\/pdf\",\"application\\/rtf\",\"application\\/vnd.ms-access\",\"application\\/vnd.ms-excel\",\"application\\/vnd.ms-powerpoint\",\"application\\/vnd.ms-project\",\"application\\/vnd.ms-write\",\"application\\/vnd.oasis.opendocument.chart\",\"application\\/vnd.oasis.opendocument.database\",\"application\\/vnd.oasis.opendocument.formula\",\"application\\/vnd.oasis.opendocument.graphics\",\"application\\/vnd.oasis.opendocument.presentation\",\"application\\/vnd.oasis.opendocument.spreadsheet\",\"application\\/vnd.oasis.opendocument.text\",\"application\\/vnd.openxmlformats-officedocument.wordprocessingml.document\",\"application\\/vnd.openxmlformats-officedocument.presentationml.presentation\",\"application\\/vnd.openxmlformats-officedocument.spreadsheetml.sheet\",\"application\\/x-gzip\",\"application\\/x-ms-wmp\",\"application\\/x-msdownload\",\"application\\/x-shockwave-flash\",\"application\\/x-tar\",\"application\\/zip\",\"audio\\/midi\",\"audio\\/mp4\",\"audio\\/mpeg\",\"audio\\/ogg\",\"audio\\/x-aac\",\"audio\\/x-aiff\",\"audio\\/x-ms-wma\",\"audio\\/x-ms-wax\",\"audio\\/x-realaudio\",\"audio\\/x-wav\",\"image\\/bmp\",\"image\\/gif\",\"image\\/jp2\",\"image\\/jpeg\",\"image\\/pjpeg\",\"image\\/png\",\"image\\/tiff\",\"image\\/x-icon\",\"text\\/css\",\"text\\/plain\",\"text\\/richtext\",\"video\\/divx\",\"video\\/mp4\",\"video\\/mpeg\",\"video\\/ogg\",\"video\\/quicktime\",\"video\\/webm\",\"video\\/x-ms-asf,\",\"video\\/x-msvideo\",\"video\\/x-ms-wmv\"]'),
('pagination_per_page', '25'),
('time_zone', '\"UTC\"'),
('version', '\"2.1.0\"'),
('version_notifications', '\"1\"');

-- --------------------------------------------------------

--
-- Structure de la table `site`
--

DROP TABLE IF EXISTS `site`;
CREATE TABLE IF NOT EXISTS `site` (
  `id` int(11) NOT NULL AUTO_INCREMENT,
  `homepage_id` int(11) DEFAULT NULL,
  `owner_id` int(11) DEFAULT NULL,
  `slug` varchar(190) COLLATE utf8mb4_unicode_ci NOT NULL,
  `theme` varchar(190) COLLATE utf8mb4_unicode_ci NOT NULL,
  `title` varchar(190) COLLATE utf8mb4_unicode_ci NOT NULL,
  `summary` longtext COLLATE utf8mb4_unicode_ci,
  `navigation` longtext COLLATE utf8mb4_unicode_ci NOT NULL COMMENT '(DC2Type:json_array)',
  `item_pool` longtext COLLATE utf8mb4_unicode_ci NOT NULL COMMENT '(DC2Type:json_array)',
  `created` datetime NOT NULL,
  `modified` datetime DEFAULT NULL,
  `is_public` tinyint(1) NOT NULL,
  PRIMARY KEY (`id`),
  UNIQUE KEY `UNIQ_694309E4989D9B62` (`slug`),
  UNIQUE KEY `UNIQ_694309E4571EDDA` (`homepage_id`),
  KEY `IDX_694309E47E3C61F9` (`owner_id`)
) ENGINE=InnoDB DEFAULT CHARSET=utf8mb4 COLLATE=utf8mb4_unicode_ci;

-- --------------------------------------------------------

--
-- Structure de la table `site_block_attachment`
--

DROP TABLE IF EXISTS `site_block_attachment`;
CREATE TABLE IF NOT EXISTS `site_block_attachment` (
  `id` int(11) NOT NULL AUTO_INCREMENT,
  `block_id` int(11) NOT NULL,
  `item_id` int(11) DEFAULT NULL,
  `media_id` int(11) DEFAULT NULL,
  `caption` longtext COLLATE utf8mb4_unicode_ci NOT NULL,
  `position` int(11) NOT NULL,
  PRIMARY KEY (`id`),
  KEY `IDX_236473FEE9ED820C` (`block_id`),
  KEY `IDX_236473FE126F525E` (`item_id`),
  KEY `IDX_236473FEEA9FDD75` (`media_id`),
  KEY `block_position` (`block_id`,`position`)
) ENGINE=InnoDB DEFAULT CHARSET=utf8mb4 COLLATE=utf8mb4_unicode_ci;

-- --------------------------------------------------------

--
-- Structure de la table `site_item_set`
--

DROP TABLE IF EXISTS `site_item_set`;
CREATE TABLE IF NOT EXISTS `site_item_set` (
  `id` int(11) NOT NULL AUTO_INCREMENT,
  `site_id` int(11) NOT NULL,
  `item_set_id` int(11) NOT NULL,
  `position` int(11) DEFAULT NULL,
  PRIMARY KEY (`id`),
  UNIQUE KEY `UNIQ_D4CE134F6BD1646960278D7` (`site_id`,`item_set_id`),
  KEY `IDX_D4CE134F6BD1646` (`site_id`),
  KEY `IDX_D4CE134960278D7` (`item_set_id`),
  KEY `position` (`position`)
) ENGINE=InnoDB DEFAULT CHARSET=utf8mb4 COLLATE=utf8mb4_unicode_ci;

-- --------------------------------------------------------

--
-- Structure de la table `site_page`
--

DROP TABLE IF EXISTS `site_page`;
CREATE TABLE IF NOT EXISTS `site_page` (
  `id` int(11) NOT NULL AUTO_INCREMENT,
  `site_id` int(11) NOT NULL,
  `slug` varchar(190) COLLATE utf8mb4_unicode_ci NOT NULL,
  `title` varchar(190) COLLATE utf8mb4_unicode_ci NOT NULL,
  `created` datetime NOT NULL,
  `modified` datetime DEFAULT NULL,
  PRIMARY KEY (`id`),
  UNIQUE KEY `UNIQ_2F900BD9F6BD1646989D9B62` (`site_id`,`slug`),
  KEY `IDX_2F900BD9F6BD1646` (`site_id`)
) ENGINE=InnoDB DEFAULT CHARSET=utf8mb4 COLLATE=utf8mb4_unicode_ci;

-- --------------------------------------------------------

--
-- Structure de la table `site_page_block`
--

DROP TABLE IF EXISTS `site_page_block`;
CREATE TABLE IF NOT EXISTS `site_page_block` (
  `id` int(11) NOT NULL AUTO_INCREMENT,
  `page_id` int(11) NOT NULL,
  `layout` varchar(80) COLLATE utf8mb4_unicode_ci NOT NULL,
  `data` longtext COLLATE utf8mb4_unicode_ci NOT NULL COMMENT '(DC2Type:json_array)',
  `position` int(11) NOT NULL,
  PRIMARY KEY (`id`),
  KEY `IDX_C593E731C4663E4` (`page_id`),
  KEY `page_position` (`page_id`,`position`)
) ENGINE=InnoDB DEFAULT CHARSET=utf8mb4 COLLATE=utf8mb4_unicode_ci;

-- --------------------------------------------------------

--
-- Structure de la table `site_permission`
--

DROP TABLE IF EXISTS `site_permission`;
CREATE TABLE IF NOT EXISTS `site_permission` (
  `id` int(11) NOT NULL AUTO_INCREMENT,
  `site_id` int(11) NOT NULL,
  `user_id` int(11) NOT NULL,
  `role` varchar(80) COLLATE utf8mb4_unicode_ci NOT NULL,
  PRIMARY KEY (`id`),
  UNIQUE KEY `UNIQ_C0401D6FF6BD1646A76ED395` (`site_id`,`user_id`),
  KEY `IDX_C0401D6FF6BD1646` (`site_id`),
  KEY `IDX_C0401D6FA76ED395` (`user_id`)
) ENGINE=InnoDB DEFAULT CHARSET=utf8mb4 COLLATE=utf8mb4_unicode_ci;

-- --------------------------------------------------------

--
-- Structure de la table `site_setting`
--

DROP TABLE IF EXISTS `site_setting`;
CREATE TABLE IF NOT EXISTS `site_setting` (
  `id` varchar(190) COLLATE utf8mb4_unicode_ci NOT NULL,
  `site_id` int(11) NOT NULL,
  `value` longtext COLLATE utf8mb4_unicode_ci NOT NULL COMMENT '(DC2Type:json_array)',
  PRIMARY KEY (`id`,`site_id`),
  KEY `IDX_64D05A53F6BD1646` (`site_id`)
) ENGINE=InnoDB DEFAULT CHARSET=utf8mb4 COLLATE=utf8mb4_unicode_ci;

-- --------------------------------------------------------

--
-- Structure de la table `user`
--

DROP TABLE IF EXISTS `user`;
CREATE TABLE IF NOT EXISTS `user` (
  `id` int(11) NOT NULL AUTO_INCREMENT,
  `email` varchar(190) COLLATE utf8mb4_unicode_ci NOT NULL,
  `name` varchar(190) COLLATE utf8mb4_unicode_ci NOT NULL,
  `created` datetime NOT NULL,
  `modified` datetime DEFAULT NULL,
  `password_hash` varchar(60) COLLATE utf8mb4_unicode_ci DEFAULT NULL,
  `role` varchar(190) COLLATE utf8mb4_unicode_ci NOT NULL,
  `is_active` tinyint(1) NOT NULL,
  PRIMARY KEY (`id`),
  UNIQUE KEY `UNIQ_8D93D649E7927C74` (`email`)
) ENGINE=InnoDB AUTO_INCREMENT=3 DEFAULT CHARSET=utf8mb4 COLLATE=utf8mb4_unicode_ci;

--
-- Déchargement des données de la table `user`
--

INSERT INTO `user` (`id`, `email`, `name`, `created`, `modified`, `password_hash`, `role`, `is_active`) VALUES
(1, 'henriques.chloe1998@gmail.com', 'Chloé Henriques', '2020-02-07 14:06:36', '2020-02-07 14:06:37', '$2y$10$KAL9dttS9rzOtVZDmxjWEe5VJIL8O8G9uka5niIhnV1glwD9cTeEi', 'global_admin', 1),
(2, 'samszon@gmail.com', 'Samuel', '2020-02-21 12:47:17', '2020-02-21 12:51:22', '$2y$10$Vc3Na2d/vPOydWHd5Vb7Hu89sPRs7ga9KMsmMcmCK8u.7kq7CsUbe', 'global_admin', 1);

-- --------------------------------------------------------

--
-- Structure de la table `user_setting`
--

DROP TABLE IF EXISTS `user_setting`;
CREATE TABLE IF NOT EXISTS `user_setting` (
  `id` varchar(190) COLLATE utf8mb4_unicode_ci NOT NULL,
  `user_id` int(11) NOT NULL,
  `value` longtext COLLATE utf8mb4_unicode_ci NOT NULL COMMENT '(DC2Type:json_array)',
  PRIMARY KEY (`id`,`user_id`),
  KEY `IDX_C779A692A76ED395` (`user_id`)
) ENGINE=InnoDB DEFAULT CHARSET=utf8mb4 COLLATE=utf8mb4_unicode_ci;

--
-- Déchargement des données de la table `user_setting`
--

INSERT INTO `user_setting` (`id`, `user_id`, `value`) VALUES
('default_resource_template', 2, '\"\"'),
('locale', 2, '\"fr\"');

-- --------------------------------------------------------

--
-- Structure de la table `value`
--

DROP TABLE IF EXISTS `value`;
CREATE TABLE IF NOT EXISTS `value` (
  `id` int(11) NOT NULL AUTO_INCREMENT,
  `resource_id` int(11) NOT NULL,
  `property_id` int(11) NOT NULL,
  `value_resource_id` int(11) DEFAULT NULL,
  `type` varchar(255) COLLATE utf8mb4_unicode_ci NOT NULL,
  `lang` varchar(255) COLLATE utf8mb4_unicode_ci DEFAULT NULL,
  `value` longtext COLLATE utf8mb4_unicode_ci,
  `uri` longtext COLLATE utf8mb4_unicode_ci,
  `is_public` tinyint(1) NOT NULL,
  PRIMARY KEY (`id`),
  KEY `IDX_1D77583489329D25` (`resource_id`),
  KEY `IDX_1D775834549213EC` (`property_id`),
  KEY `IDX_1D7758344BC72506` (`value_resource_id`),
  KEY `value` (`value`(190)),
  KEY `uri` (`uri`(190))
) ENGINE=InnoDB AUTO_INCREMENT=51 DEFAULT CHARSET=utf8mb4 COLLATE=utf8mb4_unicode_ci;

--
-- Déchargement des données de la table `value`
--

INSERT INTO `value` (`id`, `resource_id`, `property_id`, `value_resource_id`, `type`, `lang`, `value`, `uri`, `is_public`) VALUES
(17, 8, 1, NULL, 'literal', '', 'Etudiant1', NULL, 1),
(18, 8, 4, NULL, 'literal', '', 'Informations sur l\'étudiant', NULL, 1),
(19, 8, 139, NULL, 'literal', '', 'Chloé', NULL, 1),
(20, 8, 144, NULL, 'literal', '', 'Henriques', NULL, 1),
(21, 8, 183, NULL, 'literal', '', '21', NULL, 1),
(22, 8, 198, NULL, 'literal', '', '05/03/1998', NULL, 1),
(23, 9, 1, NULL, 'literal', '', 'Ecole1', NULL, 1),
(24, 9, 189, NULL, 'literal', '', '48.9447771_2.3607865', NULL, 1),
(25, 9, 196, NULL, 'literal', '', 'Université Paris 8, Rue de la Liberté, Saint-Denis', NULL, 1),
(26, 10, 1, NULL, 'literal', '', 'Entreprise1', NULL, 1),
(27, 10, 189, NULL, 'literal', '', '48.830872_2.2336049', NULL, 1),
(28, 10, 138, NULL, 'literal', '', 'Renault', NULL, 1),
(29, 9, 209, 11, 'resource', NULL, NULL, NULL, 1),
(30, 8, 123, NULL, 'literal', '', 'henriques.chloe1998@gmail.com', NULL, 1),
(31, 11, 1, NULL, 'literal', '', 'Formation', NULL, 1),
(32, 11, 207, NULL, 'literal', '', '1', NULL, 1),
(35, 12, 1, NULL, 'literal', '', 'Stage1', NULL, 1),
(36, 12, 4, NULL, 'literal', '', 'Stage effectué lors de l\'année DWM', NULL, 1),
(37, 12, 193, NULL, 'literal', '', '19 AVRIL', NULL, 1),
(38, 12, 194, NULL, 'literal', '', '15 JUIN', NULL, 1),
(39, 12, 196, NULL, 'literal', '', '577 Avenue du Général Leclerc, 92100 Boulogne-Billancourt', NULL, 1),
(40, 13, 1, NULL, 'literal', '', 'Annonce1', NULL, 1),
(41, 13, 4, NULL, 'literal', '', 'Annonce posté par une entreprise', NULL, 1),
(42, 13, 7, NULL, 'literal', '', '24 Février 2020', NULL, 1),
(43, 13, 58, NULL, 'literal', '', 'Renault', NULL, 1),
(44, 13, 195, NULL, 'literal', '', '19:40', NULL, 1),
(45, 9, 138, NULL, 'literal', '', 'Université Paris 8', NULL, 1),
(46, 11, 138, NULL, 'literal', '', 'LP Design Web Mobile', NULL, 1),
(47, 14, 1, NULL, 'literal', '', 'Diplome1', NULL, 1),
(48, 14, 226, NULL, 'literal', '', 'Certificat', NULL, 1),
(49, 14, 247, NULL, 'literal', '', 'Niveau avancé', NULL, 1),
(50, 11, 326, 14, 'resource', NULL, NULL, NULL, 1);

-- --------------------------------------------------------

--
-- Structure de la table `vocabulary`
--

DROP TABLE IF EXISTS `vocabulary`;
CREATE TABLE IF NOT EXISTS `vocabulary` (
  `id` int(11) NOT NULL AUTO_INCREMENT,
  `owner_id` int(11) DEFAULT NULL,
  `namespace_uri` varchar(190) COLLATE utf8mb4_unicode_ci NOT NULL,
  `prefix` varchar(190) COLLATE utf8mb4_unicode_ci NOT NULL,
  `label` varchar(255) COLLATE utf8mb4_unicode_ci NOT NULL,
  `comment` longtext COLLATE utf8mb4_unicode_ci,
  PRIMARY KEY (`id`),
  UNIQUE KEY `UNIQ_9099C97B9B267FDF` (`namespace_uri`),
  UNIQUE KEY `UNIQ_9099C97B93B1868E` (`prefix`),
  KEY `IDX_9099C97B7E3C61F9` (`owner_id`)
) ENGINE=InnoDB AUTO_INCREMENT=10 DEFAULT CHARSET=utf8mb4 COLLATE=utf8mb4_unicode_ci;

--
-- Déchargement des données de la table `vocabulary`
--

INSERT INTO `vocabulary` (`id`, `owner_id`, `namespace_uri`, `prefix`, `label`, `comment`) VALUES
(1, NULL, 'http://purl.org/dc/terms/', 'dcterms', 'Dublin Core', 'Basic resource metadata (DCMI Metadata Terms)'),
(2, NULL, 'http://purl.org/dc/dcmitype/', 'dctype', 'Dublin Core Type', 'Basic resource types (DCMI Type Vocabulary)'),
(3, NULL, 'http://purl.org/ontology/bibo/', 'bibo', 'Bibliographic Ontology', 'Bibliographic metadata (BIBO)'),
(4, NULL, 'http://xmlns.com/foaf/0.1/', 'foaf', 'Friend of a Friend', 'Relationships between people and organizations (FOAF)'),
(5, 1, 'http://www.w3.org/2003/01/geo/', 'geo', 'geo', ''),
(7, 1, 'https://compagnonsdunumerique.fr/onto/fup8', 'cdn', 'cdn_voca', ''),
(8, 1, 'https://compagnonsdunumerique.fr/onto/cdunum', 'cdunum', 'compagnons du numérique', ''),
(9, 1, 'http://schema.org/', 'schema', 'Schema', '');

--
-- Index pour les tables déchargées
--

--
-- Index pour la table `fulltext_search`
--
ALTER TABLE `fulltext_search` ADD FULLTEXT KEY `IDX_AA31FE4A2B36786B3B8BA7C7` (`title`,`text`);

--
-- Contraintes pour les tables déchargées
--

--
-- Contraintes pour la table `api_key`
--
ALTER TABLE `api_key`
  ADD CONSTRAINT `FK_C912ED9D7E3C61F9` FOREIGN KEY (`owner_id`) REFERENCES `user` (`id`);

--
-- Contraintes pour la table `asset`
--
ALTER TABLE `asset`
  ADD CONSTRAINT `FK_2AF5A5C7E3C61F9` FOREIGN KEY (`owner_id`) REFERENCES `user` (`id`) ON DELETE SET NULL;

--
-- Contraintes pour la table `fulltext_search`
--
ALTER TABLE `fulltext_search`
  ADD CONSTRAINT `FK_AA31FE4A7E3C61F9` FOREIGN KEY (`owner_id`) REFERENCES `user` (`id`) ON DELETE SET NULL;

--
-- Contraintes pour la table `item`
--
ALTER TABLE `item`
  ADD CONSTRAINT `FK_1F1B251EBF396750` FOREIGN KEY (`id`) REFERENCES `resource` (`id`) ON DELETE CASCADE;

--
-- Contraintes pour la table `item_item_set`
--
ALTER TABLE `item_item_set`
  ADD CONSTRAINT `FK_6D0C9625126F525E` FOREIGN KEY (`item_id`) REFERENCES `item` (`id`) ON DELETE CASCADE,
  ADD CONSTRAINT `FK_6D0C9625960278D7` FOREIGN KEY (`item_set_id`) REFERENCES `item_set` (`id`) ON DELETE CASCADE;

--
-- Contraintes pour la table `item_set`
--
ALTER TABLE `item_set`
  ADD CONSTRAINT `FK_1015EEEBF396750` FOREIGN KEY (`id`) REFERENCES `resource` (`id`) ON DELETE CASCADE;

--
-- Contraintes pour la table `job`
--
ALTER TABLE `job`
  ADD CONSTRAINT `FK_FBD8E0F87E3C61F9` FOREIGN KEY (`owner_id`) REFERENCES `user` (`id`) ON DELETE SET NULL;

--
-- Contraintes pour la table `media`
--
ALTER TABLE `media`
  ADD CONSTRAINT `FK_6A2CA10C126F525E` FOREIGN KEY (`item_id`) REFERENCES `item` (`id`),
  ADD CONSTRAINT `FK_6A2CA10CBF396750` FOREIGN KEY (`id`) REFERENCES `resource` (`id`) ON DELETE CASCADE;

--
-- Contraintes pour la table `password_creation`
--
ALTER TABLE `password_creation`
  ADD CONSTRAINT `FK_C77917B4A76ED395` FOREIGN KEY (`user_id`) REFERENCES `user` (`id`) ON DELETE CASCADE;

--
-- Contraintes pour la table `property`
--
ALTER TABLE `property`
  ADD CONSTRAINT `FK_8BF21CDE7E3C61F9` FOREIGN KEY (`owner_id`) REFERENCES `user` (`id`) ON DELETE SET NULL,
  ADD CONSTRAINT `FK_8BF21CDEAD0E05F6` FOREIGN KEY (`vocabulary_id`) REFERENCES `vocabulary` (`id`);

--
-- Contraintes pour la table `resource`
--
ALTER TABLE `resource`
  ADD CONSTRAINT `FK_BC91F41616131EA` FOREIGN KEY (`resource_template_id`) REFERENCES `resource_template` (`id`) ON DELETE SET NULL,
  ADD CONSTRAINT `FK_BC91F416448CC1BD` FOREIGN KEY (`resource_class_id`) REFERENCES `resource_class` (`id`) ON DELETE SET NULL,
  ADD CONSTRAINT `FK_BC91F4167E3C61F9` FOREIGN KEY (`owner_id`) REFERENCES `user` (`id`) ON DELETE SET NULL,
  ADD CONSTRAINT `FK_BC91F416FDFF2E92` FOREIGN KEY (`thumbnail_id`) REFERENCES `asset` (`id`) ON DELETE SET NULL;

--
-- Contraintes pour la table `resource_class`
--
ALTER TABLE `resource_class`
  ADD CONSTRAINT `FK_C6F063AD7E3C61F9` FOREIGN KEY (`owner_id`) REFERENCES `user` (`id`) ON DELETE SET NULL,
  ADD CONSTRAINT `FK_C6F063ADAD0E05F6` FOREIGN KEY (`vocabulary_id`) REFERENCES `vocabulary` (`id`);

--
-- Contraintes pour la table `resource_template`
--
ALTER TABLE `resource_template`
  ADD CONSTRAINT `FK_39ECD52E448CC1BD` FOREIGN KEY (`resource_class_id`) REFERENCES `resource_class` (`id`) ON DELETE SET NULL,
  ADD CONSTRAINT `FK_39ECD52E724734A3` FOREIGN KEY (`title_property_id`) REFERENCES `property` (`id`) ON DELETE SET NULL,
  ADD CONSTRAINT `FK_39ECD52E7E3C61F9` FOREIGN KEY (`owner_id`) REFERENCES `user` (`id`) ON DELETE SET NULL,
  ADD CONSTRAINT `FK_39ECD52EB84E0D1D` FOREIGN KEY (`description_property_id`) REFERENCES `property` (`id`) ON DELETE SET NULL;

--
-- Contraintes pour la table `resource_template_property`
--
ALTER TABLE `resource_template_property`
  ADD CONSTRAINT `FK_4689E2F116131EA` FOREIGN KEY (`resource_template_id`) REFERENCES `resource_template` (`id`),
  ADD CONSTRAINT `FK_4689E2F1549213EC` FOREIGN KEY (`property_id`) REFERENCES `property` (`id`) ON DELETE CASCADE;

--
-- Contraintes pour la table `site`
--
ALTER TABLE `site`
  ADD CONSTRAINT `FK_694309E4571EDDA` FOREIGN KEY (`homepage_id`) REFERENCES `site_page` (`id`) ON DELETE SET NULL,
  ADD CONSTRAINT `FK_694309E47E3C61F9` FOREIGN KEY (`owner_id`) REFERENCES `user` (`id`) ON DELETE SET NULL;

--
-- Contraintes pour la table `site_block_attachment`
--
ALTER TABLE `site_block_attachment`
  ADD CONSTRAINT `FK_236473FE126F525E` FOREIGN KEY (`item_id`) REFERENCES `item` (`id`) ON DELETE SET NULL,
  ADD CONSTRAINT `FK_236473FEE9ED820C` FOREIGN KEY (`block_id`) REFERENCES `site_page_block` (`id`),
  ADD CONSTRAINT `FK_236473FEEA9FDD75` FOREIGN KEY (`media_id`) REFERENCES `media` (`id`) ON DELETE SET NULL;

--
-- Contraintes pour la table `site_item_set`
--
ALTER TABLE `site_item_set`
  ADD CONSTRAINT `FK_D4CE134960278D7` FOREIGN KEY (`item_set_id`) REFERENCES `item_set` (`id`) ON DELETE CASCADE,
  ADD CONSTRAINT `FK_D4CE134F6BD1646` FOREIGN KEY (`site_id`) REFERENCES `site` (`id`) ON DELETE CASCADE;

--
-- Contraintes pour la table `site_page`
--
ALTER TABLE `site_page`
  ADD CONSTRAINT `FK_2F900BD9F6BD1646` FOREIGN KEY (`site_id`) REFERENCES `site` (`id`);

--
-- Contraintes pour la table `site_page_block`
--
ALTER TABLE `site_page_block`
  ADD CONSTRAINT `FK_C593E731C4663E4` FOREIGN KEY (`page_id`) REFERENCES `site_page` (`id`);

--
-- Contraintes pour la table `site_permission`
--
ALTER TABLE `site_permission`
  ADD CONSTRAINT `FK_C0401D6FA76ED395` FOREIGN KEY (`user_id`) REFERENCES `user` (`id`) ON DELETE CASCADE,
  ADD CONSTRAINT `FK_C0401D6FF6BD1646` FOREIGN KEY (`site_id`) REFERENCES `site` (`id`) ON DELETE CASCADE;

--
-- Contraintes pour la table `site_setting`
--
ALTER TABLE `site_setting`
  ADD CONSTRAINT `FK_64D05A53F6BD1646` FOREIGN KEY (`site_id`) REFERENCES `site` (`id`) ON DELETE CASCADE;

--
-- Contraintes pour la table `user_setting`
--
ALTER TABLE `user_setting`
  ADD CONSTRAINT `FK_C779A692A76ED395` FOREIGN KEY (`user_id`) REFERENCES `user` (`id`) ON DELETE CASCADE;

--
-- Contraintes pour la table `value`
--
ALTER TABLE `value`
  ADD CONSTRAINT `FK_1D7758344BC72506` FOREIGN KEY (`value_resource_id`) REFERENCES `resource` (`id`) ON DELETE CASCADE,
  ADD CONSTRAINT `FK_1D775834549213EC` FOREIGN KEY (`property_id`) REFERENCES `property` (`id`) ON DELETE CASCADE,
  ADD CONSTRAINT `FK_1D77583489329D25` FOREIGN KEY (`resource_id`) REFERENCES `resource` (`id`);

--
-- Contraintes pour la table `vocabulary`
--
ALTER TABLE `vocabulary`
  ADD CONSTRAINT `FK_9099C97B7E3C61F9` FOREIGN KEY (`owner_id`) REFERENCES `user` (`id`) ON DELETE SET NULL;
COMMIT;

/*!40101 SET CHARACTER_SET_CLIENT=@OLD_CHARACTER_SET_CLIENT */;
/*!40101 SET CHARACTER_SET_RESULTS=@OLD_CHARACTER_SET_RESULTS */;
/*!40101 SET COLLATION_CONNECTION=@OLD_COLLATION_CONNECTION */;
